LGA,resource_gap_raw,resource_gap_score,rank
Badagry,1.007883597883598,100.0,1
Ajeromi/Ifelodun,0.9180952380952382,91.09139587379914,2
Ojo,0.8607407407407409,85.400808441388,3
Ibeju/Lekki,0.7422751322751323,73.64691059898156,4
Alimosho,0.7141269841269842,70.85411307680192,5
Ikorodu,0.6964021164021164,69.09549057693316,6
Ifako/Ijaye,0.6108994708994709,60.61210562234237,7
Apapa,0.5440740740740742,53.981836316867025,8
Amuwo Odofin,0.38671957671957674,38.36946821355451,9
Shomolu,0.3724338624338624,36.95207097485431,10
Agege,0.3495767195767196,34.684235392934006,11
Lagos Island,0.33259259259259255,32.99910756470155,12
Epe,0.3134391534391534,31.098745340962775,13
Ikeja,0.30343915343915345,30.106567273872642,14
Eti-Osa,0.27158730158730154,26.94629639351146,15
Surulere,0.22671957671957674,22.49461914011234,16
Kosofe,0.185026455026455,18.357919050868805,17
Oshodi/Isolo,0.158994708994709,15.7751063047929,18
Lagos Mainland,0.14708994708994708,14.593941939209405,19
Mushin,0.08317460317460316,8.252401700876684,20
