Row_ID,State,Ownership,Level,LGA,Granularity,Data_Year,Year_Start,Learners,Male_Learners,Female_Learners,Female_Learners_PCT,Learner_Teacher_Ratio,Learner_Classroom_Ratio,Learner_Toilet_Ratio,Female_Teachers_PCT,Special_Needs_Learners,Est_Teachers,Est_Classrooms,Est_Toilets,LTR_Gap_vs_UBE35,Teachers_Needed_To_Meet_UBE35,Enrolment_Change_PCT_vs_Prev_Year,Source
1,Lagos,Public,Primary,Agege,LGA,2016/2017,2016,18863,9477,9386,49.8,28,,,,,673.7,,,-7,0,,"Lagos Bureau of Statistics, Spotlight on Lagos Statistics 2021 (Tables 4.1-4.3, 4.5), source data Lagos State Ministry of Education; lagosmepb.org/wp-content/uploads/Hotline_Stat.pdf"
2,Lagos,Public,Primary,Ajeromi/Ifelodun,LGA,2016/2017,2016,23660,11776,11884,50.2,56,,,,,422.5,,,21,254,,"Lagos Bureau of Statistics, Spotlight on Lagos Statistics 2021 (Tables 4.1-4.3, 4.5), source data Lagos State Ministry of Education; lagosmepb.org/wp-content/uploads/Hotline_Stat.pdf"
3,Lagos,Public,Primary,Alimosho,LGA,2016/2017,2016,44678,22666,22012,49.3,32,,,,,1396.2,,,-3,0,,"Lagos Bureau of Statistics, Spotlight on Lagos Statistics 2021 (Tables 4.1-4.3, 4.5), source data Lagos State Ministry of Education; lagosmepb.org/wp-content/uploads/Hotline_Stat.pdf"
4,Lagos,Public,Primary,Amuwo Odofin,LGA,2016/2017,2016,12335,5825,6510,52.8,44,,,,,280.3,,,9,72,,"Lagos Bureau of Statistics, Spotlight on Lagos Statistics 2021 (Tables 4.1-4.3, 4.5), source data Lagos State Ministry of Education; lagosmepb.org/wp-content/uploads/Hotline_Stat.pdf"
5,Lagos,Public,Primary,Apapa,LGA,2016/2017,2016,8529,4257,4272,50.1,34,,,,,250.9,,,-1,0,,"Lagos Bureau of Statistics, Spotlight on Lagos Statistics 2021 (Tables 4.1-4.3, 4.5), source data Lagos State Ministry of Education; lagosmepb.org/wp-content/uploads/Hotline_Stat.pdf"
6,Lagos,Public,Primary,Badagry,LGA,2016/2017,2016,27736,14195,13541,48.8,51,,,,,543.8,,,16,249,,"Lagos Bureau of Statistics, Spotlight on Lagos Statistics 2021 (Tables 4.1-4.3, 4.5), source data Lagos State Ministry of Education; lagosmepb.org/wp-content/uploads/Hotline_Stat.pdf"
7,Lagos,Public,Primary,Epe,LGA,2016/2017,2016,20850,10662,10188,48.9,50,,,,,417,,,15,179,,"Lagos Bureau of Statistics, Spotlight on Lagos Statistics 2021 (Tables 4.1-4.3, 4.5), source data Lagos State Ministry of Education; lagosmepb.org/wp-content/uploads/Hotline_Stat.pdf"
8,Lagos,Public,Primary,Eti-Osa,LGA,2016/2017,2016,13231,6294,6937,52.4,50,,,,,264.6,,,15,113,,"Lagos Bureau of Statistics, Spotlight on Lagos Statistics 2021 (Tables 4.1-4.3, 4.5), source data Lagos State Ministry of Education; lagosmepb.org/wp-content/uploads/Hotline_Stat.pdf"
9,Lagos,Public,Primary,Ibeju/Lekki,LGA,2016/2017,2016,17283,8562,8721,50.5,53,,,,,326.1,,,18,168,,"Lagos Bureau of Statistics, Spotlight on Lagos Statistics 2021 (Tables 4.1-4.3, 4.5), source data Lagos State Ministry of Education; lagosmepb.org/wp-content/uploads/Hotline_Stat.pdf"
10,Lagos,Public,Primary,Ifako/Ijaye,LGA,2016/2017,2016,15588,7715,7873,50.5,27,,,,,577.3,,,-8,0,,"Lagos Bureau of Statistics, Spotlight on Lagos Statistics 2021 (Tables 4.1-4.3, 4.5), source data Lagos State Ministry of Education; lagosmepb.org/wp-content/uploads/Hotline_Stat.pdf"
11,Lagos,Public,Primary,Ikeja,LGA,2016/2017,2016,10022,5028,4994,49.8,20,,,,,501.1,,,-15,0,,"Lagos Bureau of Statistics, Spotlight on Lagos Statistics 2021 (Tables 4.1-4.3, 4.5), source data Lagos State Ministry of Education; lagosmepb.org/wp-content/uploads/Hotline_Stat.pdf"
12,Lagos,Public,Primary,Ikorodu,LGA,2016/2017,2016,44363,22368,21995,49.6,45,,,,,985.8,,,10,282,,"Lagos Bureau of Statistics, Spotlight on Lagos Statistics 2021 (Tables 4.1-4.3, 4.5), source data Lagos State Ministry of Education; lagosmepb.org/wp-content/uploads/Hotline_Stat.pdf"
13,Lagos,Public,Primary,Kosofe,LGA,2016/2017,2016,21444,10220,11224,52.3,29,,,,,739.4,,,-6,0,,"Lagos Bureau of Statistics, Spotlight on Lagos Statistics 2021 (Tables 4.1-4.3, 4.5), source data Lagos State Ministry of Education; lagosmepb.org/wp-content/uploads/Hotline_Stat.pdf"
14,Lagos,Public,Primary,Lagos Island,LGA,2016/2017,2016,9623,4469,5154,53.6,30,,,,,320.8,,,-5,0,,"Lagos Bureau of Statistics, Spotlight on Lagos Statistics 2021 (Tables 4.1-4.3, 4.5), source data Lagos State Ministry of Education; lagosmepb.org/wp-content/uploads/Hotline_Stat.pdf"
15,Lagos,Public,Primary,Lagos Mainland,LGA,2016/2017,2016,15674,7385,8289,52.9,41,,,,,382.3,,,6,66,,"Lagos Bureau of Statistics, Spotlight on Lagos Statistics 2021 (Tables 4.1-4.3, 4.5), source data Lagos State Ministry of Education; lagosmepb.org/wp-content/uploads/Hotline_Stat.pdf"
16,Lagos,Public,Primary,Mushin,LGA,2016/2017,2016,18360,8936,9424,51.3,31,,,,,592.3,,,-4,0,,"Lagos Bureau of Statistics, Spotlight on Lagos Statistics 2021 (Tables 4.1-4.3, 4.5), source data Lagos State Ministry of Education; lagosmepb.org/wp-content/uploads/Hotline_Stat.pdf"
17,Lagos,Public,Primary,Ojo,LGA,2016/2017,2016,26985,13577,13408,49.7,51,,,,,529.1,,,16,242,,"Lagos Bureau of Statistics, Spotlight on Lagos Statistics 2021 (Tables 4.1-4.3, 4.5), source data Lagos State Ministry of Education; lagosmepb.org/wp-content/uploads/Hotline_Stat.pdf"
18,Lagos,Public,Primary,Oshodi/Isolo,LGA,2016/2017,2016,18341,8916,9425,51.4,34,,,,,539.4,,,-1,0,,"Lagos Bureau of Statistics, Spotlight on Lagos Statistics 2021 (Tables 4.1-4.3, 4.5), source data Lagos State Ministry of Education; lagosmepb.org/wp-content/uploads/Hotline_Stat.pdf"
19,Lagos,Public,Primary,Shomolu,LGA,2016/2017,2016,13254,6549,6705,50.6,25,,,,,530.2,,,-10,0,,"Lagos Bureau of Statistics, Spotlight on Lagos Statistics 2021 (Tables 4.1-4.3, 4.5), source data Lagos State Ministry of Education; lagosmepb.org/wp-content/uploads/Hotline_Stat.pdf"
20,Lagos,Public,Primary,Surulere,LGA,2016/2017,2016,13382,6330,7052,52.7,37,,,,,361.7,,,2,21,,"Lagos Bureau of Statistics, Spotlight on Lagos Statistics 2021 (Tables 4.1-4.3, 4.5), source data Lagos State Ministry of Education; lagosmepb.org/wp-content/uploads/Hotline_Stat.pdf"
21,Lagos,Public,JSS,Agege,LGA,2016/2017,2016,14993,6988,8005,53.4,32,,,,,468.5,,,-3,0,,"Lagos Bureau of Statistics, Spotlight on Lagos Statistics 2021 (Tables 4.1-4.3, 4.5), source data Lagos State Ministry of Education; lagosmepb.org/wp-content/uploads/Hotline_Stat.pdf"
22,Lagos,Public,JSS,Ajeromi/Ifelodun,LGA,2016/2017,2016,17689,8838,8851,50,50,,,,,353.8,,,15,152,,"Lagos Bureau of Statistics, Spotlight on Lagos Statistics 2021 (Tables 4.1-4.3, 4.5), source data Lagos State Ministry of Education; lagosmepb.org/wp-content/uploads/Hotline_Stat.pdf"
23,Lagos,Public,JSS,Alimosho,LGA,2016/2017,2016,44734,22559,22175,49.6,32,,,,,1397.9,,,-3,0,,"Lagos Bureau of Statistics, Spotlight on Lagos Statistics 2021 (Tables 4.1-4.3, 4.5), source data Lagos State Ministry of Education; lagosmepb.org/wp-content/uploads/Hotline_Stat.pdf"
24,Lagos,Public,JSS,Amuwo Odofin,LGA,2016/2017,2016,10477,4743,5734,54.7,30,,,,,349.2,,,-5,0,,"Lagos Bureau of Statistics, Spotlight on Lagos Statistics 2021 (Tables 4.1-4.3, 4.5), source data Lagos State Ministry of Education; lagosmepb.org/wp-content/uploads/Hotline_Stat.pdf"
25,Lagos,Public,JSS,Apapa,LGA,2016/2017,2016,7920,4032,3888,49.1,49,,,,,161.6,,,14,65,,"Lagos Bureau of Statistics, Spotlight on Lagos Statistics 2021 (Tables 4.1-4.3, 4.5), source data Lagos State Ministry of Education; lagosmepb.org/wp-content/uploads/Hotline_Stat.pdf"
26,Lagos,Public,JSS,Badagry,LGA,2016/2017,2016,21487,11116,10371,48.3,47,,,,,457.2,,,12,157,,"Lagos Bureau of Statistics, Spotlight on Lagos Statistics 2021 (Tables 4.1-4.3, 4.5), source data Lagos State Ministry of Education; lagosmepb.org/wp-content/uploads/Hotline_Stat.pdf"
27,Lagos,Public,JSS,Epe,LGA,2016/2017,2016,14275,7252,7023,49.2,36,,,,,396.5,,,1,11,,"Lagos Bureau of Statistics, Spotlight on Lagos Statistics 2021 (Tables 4.1-4.3, 4.5), source data Lagos State Ministry of Education; lagosmepb.org/wp-content/uploads/Hotline_Stat.pdf"
28,Lagos,Public,JSS,Eti-Osa,LGA,2016/2017,2016,12874,6078,6796,52.8,45,,,,,286.1,,,10,82,,"Lagos Bureau of Statistics, Spotlight on Lagos Statistics 2021 (Tables 4.1-4.3, 4.5), source data Lagos State Ministry of Education; lagosmepb.org/wp-content/uploads/Hotline_Stat.pdf"
29,Lagos,Public,JSS,Ibeju/Lekki,LGA,2016/2017,2016,7130,3537,3593,50.4,61,,,,,116.9,,,26,87,,"Lagos Bureau of Statistics, Spotlight on Lagos Statistics 2021 (Tables 4.1-4.3, 4.5), source data Lagos State Ministry of Education; lagosmepb.org/wp-content/uploads/Hotline_Stat.pdf"
30,Lagos,Public,JSS,Ifako/Ijaye,LGA,2016/2017,2016,12472,6289,6183,49.6,35,,,,,356.3,,,0,0,,"Lagos Bureau of Statistics, Spotlight on Lagos Statistics 2021 (Tables 4.1-4.3, 4.5), source data Lagos State Ministry of Education; lagosmepb.org/wp-content/uploads/Hotline_Stat.pdf"
31,Lagos,Public,JSS,Ikeja,LGA,2016/2017,2016,12833,6314,6519,50.8,23,,,,,558,,,-12,0,,"Lagos Bureau of Statistics, Spotlight on Lagos Statistics 2021 (Tables 4.1-4.3, 4.5), source data Lagos State Ministry of Education; lagosmepb.org/wp-content/uploads/Hotline_Stat.pdf"
32,Lagos,Public,JSS,Ikorodu,LGA,2016/2017,2016,38615,19330,19285,49.9,42,,,,,919.4,,,7,184,,"Lagos Bureau of Statistics, Spotlight on Lagos Statistics 2021 (Tables 4.1-4.3, 4.5), source data Lagos State Ministry of Education; lagosmepb.org/wp-content/uploads/Hotline_Stat.pdf"
33,Lagos,Public,JSS,Kosofe,LGA,2016/2017,2016,14674,7110,7564,51.5,29,,,,,506,,,-6,0,,"Lagos Bureau of Statistics, Spotlight on Lagos Statistics 2021 (Tables 4.1-4.3, 4.5), source data Lagos State Ministry of Education; lagosmepb.org/wp-content/uploads/Hotline_Stat.pdf"
34,Lagos,Public,JSS,Lagos Island,LGA,2016/2017,2016,6666,3518,3148,47.2,36,,,,,185.2,,,1,5,,"Lagos Bureau of Statistics, Spotlight on Lagos Statistics 2021 (Tables 4.1-4.3, 4.5), source data Lagos State Ministry of Education; lagosmepb.org/wp-content/uploads/Hotline_Stat.pdf"
35,Lagos,Public,JSS,Lagos Mainland,LGA,2016/2017,2016,10850,5243,5607,51.7,31,,,,,350,,,-4,0,,"Lagos Bureau of Statistics, Spotlight on Lagos Statistics 2021 (Tables 4.1-4.3, 4.5), source data Lagos State Ministry of Education; lagosmepb.org/wp-content/uploads/Hotline_Stat.pdf"
36,Lagos,Public,JSS,Mushin,LGA,2016/2017,2016,13742,7579,6163,44.8,29,,,,,473.9,,,-6,0,,"Lagos Bureau of Statistics, Spotlight on Lagos Statistics 2021 (Tables 4.1-4.3, 4.5), source data Lagos State Ministry of Education; lagosmepb.org/wp-content/uploads/Hotline_Stat.pdf"
37,Lagos,Public,JSS,Ojo,LGA,2016/2017,2016,22037,10800,11237,51,34,,,,,648.1,,,-1,0,,"Lagos Bureau of Statistics, Spotlight on Lagos Statistics 2021 (Tables 4.1-4.3, 4.5), source data Lagos State Ministry of Education; lagosmepb.org/wp-content/uploads/Hotline_Stat.pdf"
38,Lagos,Public,JSS,Oshodi/Isolo,LGA,2016/2017,2016,19788,9394,10394,52.5,26,,,,,761.1,,,-9,0,,"Lagos Bureau of Statistics, Spotlight on Lagos Statistics 2021 (Tables 4.1-4.3, 4.5), source data Lagos State Ministry of Education; lagosmepb.org/wp-content/uploads/Hotline_Stat.pdf"
39,Lagos,Public,JSS,Shomolu,LGA,2016/2017,2016,14526,6312,8214,56.5,47,,,,,309.1,,,12,106,,"Lagos Bureau of Statistics, Spotlight on Lagos Statistics 2021 (Tables 4.1-4.3, 4.5), source data Lagos State Ministry of Education; lagosmepb.org/wp-content/uploads/Hotline_Stat.pdf"
40,Lagos,Public,JSS,Surulere,LGA,2016/2017,2016,25155,11153,14002,55.7,37,,,,,679.9,,,2,39,,"Lagos Bureau of Statistics, Spotlight on Lagos Statistics 2021 (Tables 4.1-4.3, 4.5), source data Lagos State Ministry of Education; lagosmepb.org/wp-content/uploads/Hotline_Stat.pdf"
41,Lagos,Public,SSS,Agege,LGA,2016/2017,2016,8643,3846,4797,55.5,27,,,,,320.1,,,-8,0,,"Lagos Bureau of Statistics, Spotlight on Lagos Statistics 2021 (Tables 4.1-4.3, 4.5), source data Lagos State Ministry of Education; lagosmepb.org/wp-content/uploads/Hotline_Stat.pdf"
42,Lagos,Public,SSS,Ajeromi/Ifelodun,LGA,2016/2017,2016,15443,7655,7788,50.4,42,,,,,367.7,,,7,74,,"Lagos Bureau of Statistics, Spotlight on Lagos Statistics 2021 (Tables 4.1-4.3, 4.5), source data Lagos State Ministry of Education; lagosmepb.org/wp-content/uploads/Hotline_Stat.pdf"
43,Lagos,Public,SSS,Alimosho,LGA,2016/2017,2016,26585,13300,13285,50,28,,,,,949.5,,,-7,0,,"Lagos Bureau of Statistics, Spotlight on Lagos Statistics 2021 (Tables 4.1-4.3, 4.5), source data Lagos State Ministry of Education; lagosmepb.org/wp-content/uploads/Hotline_Stat.pdf"
44,Lagos,Public,SSS,Amuwo Odofin,LGA,2016/2017,2016,6885,3178,3707,53.8,20,,,,,344.2,,,-15,0,,"Lagos Bureau of Statistics, Spotlight on Lagos Statistics 2021 (Tables 4.1-4.3, 4.5), source data Lagos State Ministry of Education; lagosmepb.org/wp-content/uploads/Hotline_Stat.pdf"
45,Lagos,Public,SSS,Apapa,LGA,2016/2017,2016,5713,2805,2908,50.9,34,,,,,168,,,-1,0,,"Lagos Bureau of Statistics, Spotlight on Lagos Statistics 2021 (Tables 4.1-4.3, 4.5), source data Lagos State Ministry of Education; lagosmepb.org/wp-content/uploads/Hotline_Stat.pdf"
46,Lagos,Public,SSS,Badagry,LGA,2016/2017,2016,14087,7055,7032,49.9,33,,,,,426.9,,,-2,0,,"Lagos Bureau of Statistics, Spotlight on Lagos Statistics 2021 (Tables 4.1-4.3, 4.5), source data Lagos State Ministry of Education; lagosmepb.org/wp-content/uploads/Hotline_Stat.pdf"
47,Lagos,Public,SSS,Epe,LGA,2016/2017,2016,10727,5338,5389,50.2,25,,,,,429.1,,,-10,0,,"Lagos Bureau of Statistics, Spotlight on Lagos Statistics 2021 (Tables 4.1-4.3, 4.5), source data Lagos State Ministry of Education; lagosmepb.org/wp-content/uploads/Hotline_Stat.pdf"
48,Lagos,Public,SSS,Eti-Osa,LGA,2016/2017,2016,9373,4451,4922,52.5,28,,,,,334.8,,,-7,0,,"Lagos Bureau of Statistics, Spotlight on Lagos Statistics 2021 (Tables 4.1-4.3, 4.5), source data Lagos State Ministry of Education; lagosmepb.org/wp-content/uploads/Hotline_Stat.pdf"
49,Lagos,Public,SSS,Ibeju/Lekki,LGA,2016/2017,2016,3760,1849,1911,50.8,30,,,,,125.3,,,-5,0,,"Lagos Bureau of Statistics, Spotlight on Lagos Statistics 2021 (Tables 4.1-4.3, 4.5), source data Lagos State Ministry of Education; lagosmepb.org/wp-content/uploads/Hotline_Stat.pdf"
50,Lagos,Public,SSS,Ifako/Ijaye,LGA,2016/2017,2016,6477,3298,3179,49.1,18,,,,,359.8,,,-17,0,,"Lagos Bureau of Statistics, Spotlight on Lagos Statistics 2021 (Tables 4.1-4.3, 4.5), source data Lagos State Ministry of Education; lagosmepb.org/wp-content/uploads/Hotline_Stat.pdf"
51,Lagos,Public,SSS,Ikeja,LGA,2016/2017,2016,8831,4327,4504,51,17,,,,,519.5,,,-18,0,,"Lagos Bureau of Statistics, Spotlight on Lagos Statistics 2021 (Tables 4.1-4.3, 4.5), source data Lagos State Ministry of Education; lagosmepb.org/wp-content/uploads/Hotline_Stat.pdf"
52,Lagos,Public,SSS,Ikorodu,LGA,2016/2017,2016,21833,10498,11335,51.9,26,,,,,839.7,,,-9,0,,"Lagos Bureau of Statistics, Spotlight on Lagos Statistics 2021 (Tables 4.1-4.3, 4.5), source data Lagos State Ministry of Education; lagosmepb.org/wp-content/uploads/Hotline_Stat.pdf"
53,Lagos,Public,SSS,Kosofe,LGA,2016/2017,2016,9267,4135,5132,55.4,17,,,,,545.1,,,-18,0,,"Lagos Bureau of Statistics, Spotlight on Lagos Statistics 2021 (Tables 4.1-4.3, 4.5), source data Lagos State Ministry of Education; lagosmepb.org/wp-content/uploads/Hotline_Stat.pdf"
54,Lagos,Public,SSS,Lagos Island,LGA,2016/2017,2016,5872,3147,2725,46.4,26,,,,,225.8,,,-9,0,,"Lagos Bureau of Statistics, Spotlight on Lagos Statistics 2021 (Tables 4.1-4.3, 4.5), source data Lagos State Ministry of Education; lagosmepb.org/wp-content/uploads/Hotline_Stat.pdf"
55,Lagos,Public,SSS,Lagos Mainland,LGA,2016/2017,2016,6379,3253,3126,49,22,,,,,290,,,-13,0,,"Lagos Bureau of Statistics, Spotlight on Lagos Statistics 2021 (Tables 4.1-4.3, 4.5), source data Lagos State Ministry of Education; lagosmepb.org/wp-content/uploads/Hotline_Stat.pdf"
56,Lagos,Public,SSS,Mushin,LGA,2016/2017,2016,10385,5712,4673,45,22,,,,,472,,,-13,0,,"Lagos Bureau of Statistics, Spotlight on Lagos Statistics 2021 (Tables 4.1-4.3, 4.5), source data Lagos State Ministry of Education; lagosmepb.org/wp-content/uploads/Hotline_Stat.pdf"
57,Lagos,Public,SSS,Ojo,LGA,2016/2017,2016,13231,6442,6789,51.3,26,,,,,508.9,,,-9,0,,"Lagos Bureau of Statistics, Spotlight on Lagos Statistics 2021 (Tables 4.1-4.3, 4.5), source data Lagos State Ministry of Education; lagosmepb.org/wp-content/uploads/Hotline_Stat.pdf"
58,Lagos,Public,SSS,Oshodi/Isolo,LGA,2016/2017,2016,12950,6010,6940,53.6,18,,,,,719.4,,,-17,0,,"Lagos Bureau of Statistics, Spotlight on Lagos Statistics 2021 (Tables 4.1-4.3, 4.5), source data Lagos State Ministry of Education; lagosmepb.org/wp-content/uploads/Hotline_Stat.pdf"
59,Lagos,Public,SSS,Shomolu,LGA,2016/2017,2016,6722,3091,3631,54,21,,,,,320.1,,,-14,0,,"Lagos Bureau of Statistics, Spotlight on Lagos Statistics 2021 (Tables 4.1-4.3, 4.5), source data Lagos State Ministry of Education; lagosmepb.org/wp-content/uploads/Hotline_Stat.pdf"
60,Lagos,Public,SSS,Surulere,LGA,2016/2017,2016,19758,8673,11085,56.1,26,,,,,759.9,,,-9,0,,"Lagos Bureau of Statistics, Spotlight on Lagos Statistics 2021 (Tables 4.1-4.3, 4.5), source data Lagos State Ministry of Education; lagosmepb.org/wp-content/uploads/Hotline_Stat.pdf"
61,Lagos,Public,Primary,Agege,LGA,2017/2018,2017,17449,8569,8880,50.9,28,,,,,623.2,,,-7,0,-7.5,"Lagos Bureau of Statistics, Spotlight on Lagos Statistics 2021 (Tables 4.1-4.3, 4.5), source data Lagos State Ministry of Education; lagosmepb.org/wp-content/uploads/Hotline_Stat.pdf"
62,Lagos,Public,Primary,Ajeromi/Ifelodun,LGA,2017/2018,2017,24945,12297,12648,50.7,56,,,,,445.4,,,21,267,5.4,"Lagos Bureau of Statistics, Spotlight on Lagos Statistics 2021 (Tables 4.1-4.3, 4.5), source data Lagos State Ministry of Education; lagosmepb.org/wp-content/uploads/Hotline_Stat.pdf"
63,Lagos,Public,Primary,Alimosho,LGA,2017/2018,2017,44357,22550,21807,49.2,31,,,,,1430.9,,,-4,0,-0.7,"Lagos Bureau of Statistics, Spotlight on Lagos Statistics 2021 (Tables 4.1-4.3, 4.5), source data Lagos State Ministry of Education; lagosmepb.org/wp-content/uploads/Hotline_Stat.pdf"
64,Lagos,Public,Primary,Amuwo Odofin,LGA,2017/2018,2017,12767,5979,6788,53.2,46,,,,,277.5,,,11,87,3.5,"Lagos Bureau of Statistics, Spotlight on Lagos Statistics 2021 (Tables 4.1-4.3, 4.5), source data Lagos State Ministry of Education; lagosmepb.org/wp-content/uploads/Hotline_Stat.pdf"
65,Lagos,Public,Primary,Apapa,LGA,2017/2018,2017,8169,4157,4012,49.1,34,,,,,240.3,,,-1,0,-4.2,"Lagos Bureau of Statistics, Spotlight on Lagos Statistics 2021 (Tables 4.1-4.3, 4.5), source data Lagos State Ministry of Education; lagosmepb.org/wp-content/uploads/Hotline_Stat.pdf"
66,Lagos,Public,Primary,Badagry,LGA,2017/2018,2017,29920,15276,14644,48.9,49,,,,,610.6,,,14,244,7.9,"Lagos Bureau of Statistics, Spotlight on Lagos Statistics 2021 (Tables 4.1-4.3, 4.5), source data Lagos State Ministry of Education; lagosmepb.org/wp-content/uploads/Hotline_Stat.pdf"
67,Lagos,Public,Primary,Epe,LGA,2017/2018,2017,21404,10878,10526,49.2,42,,,,,509.6,,,7,102,2.7,"Lagos Bureau of Statistics, Spotlight on Lagos Statistics 2021 (Tables 4.1-4.3, 4.5), source data Lagos State Ministry of Education; lagosmepb.org/wp-content/uploads/Hotline_Stat.pdf"
68,Lagos,Public,Primary,Eti-Osa,LGA,2017/2018,2017,12691,6114,6577,51.8,46,,,,,275.9,,,11,87,-4.1,"Lagos Bureau of Statistics, Spotlight on Lagos Statistics 2021 (Tables 4.1-4.3, 4.5), source data Lagos State Ministry of Education; lagosmepb.org/wp-content/uploads/Hotline_Stat.pdf"
69,Lagos,Public,Primary,Ibeju/Lekki,LGA,2017/2018,2017,16880,8402,8478,50.2,47,,,,,359.1,,,12,123,-2.3,"Lagos Bureau of Statistics, Spotlight on Lagos Statistics 2021 (Tables 4.1-4.3, 4.5), source data Lagos State Ministry of Education; lagosmepb.org/wp-content/uploads/Hotline_Stat.pdf"
70,Lagos,Public,Primary,Ifako/Ijaye,LGA,2017/2018,2017,14690,7305,7385,50.3,23,,,,,638.7,,,-12,0,-5.8,"Lagos Bureau of Statistics, Spotlight on Lagos Statistics 2021 (Tables 4.1-4.3, 4.5), source data Lagos State Ministry of Education; lagosmepb.org/wp-content/uploads/Hotline_Stat.pdf"
71,Lagos,Public,Primary,Ikeja,LGA,2017/2018,2017,10764,5237,5527,51.3,21,,,,,512.6,,,-14,0,7.4,"Lagos Bureau of Statistics, Spotlight on Lagos Statistics 2021 (Tables 4.1-4.3, 4.5), source data Lagos State Ministry of Education; lagosmepb.org/wp-content/uploads/Hotline_Stat.pdf"
72,Lagos,Public,Primary,Ikorodu,LGA,2017/2018,2017,58402,29010,29392,50.3,46,,,,,1269.6,,,11,399,31.6,"Lagos Bureau of Statistics, Spotlight on Lagos Statistics 2021 (Tables 4.1-4.3, 4.5), source data Lagos State Ministry of Education; lagosmepb.org/wp-content/uploads/Hotline_Stat.pdf"
73,Lagos,Public,Primary,Kosofe,LGA,2017/2018,2017,20843,10072,10771,51.7,26,,,,,801.7,,,-9,0,-2.8,"Lagos Bureau of Statistics, Spotlight on Lagos Statistics 2021 (Tables 4.1-4.3, 4.5), source data Lagos State Ministry of Education; lagosmepb.org/wp-content/uploads/Hotline_Stat.pdf"
74,Lagos,Public,Primary,Lagos Island,LGA,2017/2018,2017,9675,4502,5173,53.5,31,,,,,312.1,,,-4,0,0.5,"Lagos Bureau of Statistics, Spotlight on Lagos Statistics 2021 (Tables 4.1-4.3, 4.5), source data Lagos State Ministry of Education; lagosmepb.org/wp-content/uploads/Hotline_Stat.pdf"
75,Lagos,Public,Primary,Lagos Mainland,LGA,2017/2018,2017,15944,7705,8239,51.7,33,,,,,483.2,,,-2,0,1.7,"Lagos Bureau of Statistics, Spotlight on Lagos Statistics 2021 (Tables 4.1-4.3, 4.5), source data Lagos State Ministry of Education; lagosmepb.org/wp-content/uploads/Hotline_Stat.pdf"
76,Lagos,Public,Primary,Mushin,LGA,2017/2018,2017,17863,8701,9162,51.3,34,,,,,525.4,,,-1,0,-2.7,"Lagos Bureau of Statistics, Spotlight on Lagos Statistics 2021 (Tables 4.1-4.3, 4.5), source data Lagos State Ministry of Education; lagosmepb.org/wp-content/uploads/Hotline_Stat.pdf"
77,Lagos,Public,Primary,Ojo,LGA,2017/2018,2017,28372,14448,13924,49.1,49,,,,,579,,,14,232,5.1,"Lagos Bureau of Statistics, Spotlight on Lagos Statistics 2021 (Tables 4.1-4.3, 4.5), source data Lagos State Ministry of Education; lagosmepb.org/wp-content/uploads/Hotline_Stat.pdf"
78,Lagos,Public,Primary,Oshodi/Isolo,LGA,2017/2018,2017,19447,9454,9993,51.4,33,,,,,589.3,,,-2,0,6,"Lagos Bureau of Statistics, Spotlight on Lagos Statistics 2021 (Tables 4.1-4.3, 4.5), source data Lagos State Ministry of Education; lagosmepb.org/wp-content/uploads/Hotline_Stat.pdf"
79,Lagos,Public,Primary,Shomolu,LGA,2017/2018,2017,12744,6190,6554,51.4,25,,,,,509.8,,,-10,0,-3.8,"Lagos Bureau of Statistics, Spotlight on Lagos Statistics 2021 (Tables 4.1-4.3, 4.5), source data Lagos State Ministry of Education; lagosmepb.org/wp-content/uploads/Hotline_Stat.pdf"
80,Lagos,Public,Primary,Surulere,LGA,2017/2018,2017,17295,8190,9105,52.6,35,,,,,494.1,,,0,0,29.2,"Lagos Bureau of Statistics, Spotlight on Lagos Statistics 2021 (Tables 4.1-4.3, 4.5), source data Lagos State Ministry of Education; lagosmepb.org/wp-content/uploads/Hotline_Stat.pdf"
81,Lagos,Public,JSS,Agege,LGA,2017/2018,2017,15196,7087,8109,53.4,34,,,,,446.9,,,-1,0,1.4,"Lagos Bureau of Statistics, Spotlight on Lagos Statistics 2021 (Tables 4.1-4.3, 4.5), source data Lagos State Ministry of Education; lagosmepb.org/wp-content/uploads/Hotline_Stat.pdf"
82,Lagos,Public,JSS,Ajeromi/Ifelodun,LGA,2017/2018,2017,18505,9201,9304,50.3,61,,,,,303.4,,,26,225,4.6,"Lagos Bureau of Statistics, Spotlight on Lagos Statistics 2021 (Tables 4.1-4.3, 4.5), source data Lagos State Ministry of Education; lagosmepb.org/wp-content/uploads/Hotline_Stat.pdf"
83,Lagos,Public,JSS,Alimosho,LGA,2017/2018,2017,48477,24300,24177,49.9,42,,,,,1154.2,,,7,231,8.4,"Lagos Bureau of Statistics, Spotlight on Lagos Statistics 2021 (Tables 4.1-4.3, 4.5), source data Lagos State Ministry of Education; lagosmepb.org/wp-content/uploads/Hotline_Stat.pdf"
84,Lagos,Public,JSS,Amuwo Odofin,LGA,2017/2018,2017,11139,5087,6052,54.3,36,,,,,309.4,,,1,9,6.3,"Lagos Bureau of Statistics, Spotlight on Lagos Statistics 2021 (Tables 4.1-4.3, 4.5), source data Lagos State Ministry of Education; lagosmepb.org/wp-content/uploads/Hotline_Stat.pdf"
85,Lagos,Public,JSS,Apapa,LGA,2017/2018,2017,8951,4610,4341,48.5,59,,,,,151.7,,,24,104,13,"Lagos Bureau of Statistics, Spotlight on Lagos Statistics 2021 (Tables 4.1-4.3, 4.5), source data Lagos State Ministry of Education; lagosmepb.org/wp-content/uploads/Hotline_Stat.pdf"
86,Lagos,Public,JSS,Badagry,LGA,2017/2018,2017,22999,11822,11177,48.6,55,,,,,418.2,,,20,239,7,"Lagos Bureau of Statistics, Spotlight on Lagos Statistics 2021 (Tables 4.1-4.3, 4.5), source data Lagos State Ministry of Education; lagosmepb.org/wp-content/uploads/Hotline_Stat.pdf"
87,Lagos,Public,JSS,Epe,LGA,2017/2018,2017,15352,7952,7400,48.2,34,,,,,451.5,,,-1,0,7.5,"Lagos Bureau of Statistics, Spotlight on Lagos Statistics 2021 (Tables 4.1-4.3, 4.5), source data Lagos State Ministry of Education; lagosmepb.org/wp-content/uploads/Hotline_Stat.pdf"
88,Lagos,Public,JSS,Eti-Osa,LGA,2017/2018,2017,12862,5953,6909,53.7,43,,,,,299.1,,,8,68,-0.1,"Lagos Bureau of Statistics, Spotlight on Lagos Statistics 2021 (Tables 4.1-4.3, 4.5), source data Lagos State Ministry of Education; lagosmepb.org/wp-content/uploads/Hotline_Stat.pdf"
89,Lagos,Public,JSS,Ibeju/Lekki,LGA,2017/2018,2017,8192,4003,4189,51.1,55,,,,,148.9,,,20,85,14.9,"Lagos Bureau of Statistics, Spotlight on Lagos Statistics 2021 (Tables 4.1-4.3, 4.5), source data Lagos State Ministry of Education; lagosmepb.org/wp-content/uploads/Hotline_Stat.pdf"
90,Lagos,Public,JSS,Ifako/Ijaye,LGA,2017/2018,2017,14534,7468,7066,48.6,31,,,,,468.8,,,-4,0,16.5,"Lagos Bureau of Statistics, Spotlight on Lagos Statistics 2021 (Tables 4.1-4.3, 4.5), source data Lagos State Ministry of Education; lagosmepb.org/wp-content/uploads/Hotline_Stat.pdf"
91,Lagos,Public,JSS,Ikeja,LGA,2017/2018,2017,13660,6723,6937,50.8,26,,,,,525.4,,,-9,0,6.4,"Lagos Bureau of Statistics, Spotlight on Lagos Statistics 2021 (Tables 4.1-4.3, 4.5), source data Lagos State Ministry of Education; lagosmepb.org/wp-content/uploads/Hotline_Stat.pdf"
92,Lagos,Public,JSS,Ikorodu,LGA,2017/2018,2017,43728,22005,21723,49.7,40,,,,,1093.2,,,5,156,13.2,"Lagos Bureau of Statistics, Spotlight on Lagos Statistics 2021 (Tables 4.1-4.3, 4.5), source data Lagos State Ministry of Education; lagosmepb.org/wp-content/uploads/Hotline_Stat.pdf"
93,Lagos,Public,JSS,Kosofe,LGA,2017/2018,2017,17869,8647,9222,51.6,32,,,,,558.4,,,-3,0,21.8,"Lagos Bureau of Statistics, Spotlight on Lagos Statistics 2021 (Tables 4.1-4.3, 4.5), source data Lagos State Ministry of Education; lagosmepb.org/wp-content/uploads/Hotline_Stat.pdf"
94,Lagos,Public,JSS,Lagos Island,LGA,2017/2018,2017,6765,3452,3313,49,33,,,,,205,,,-2,0,1.5,"Lagos Bureau of Statistics, Spotlight on Lagos Statistics 2021 (Tables 4.1-4.3, 4.5), source data Lagos State Ministry of Education; lagosmepb.org/wp-content/uploads/Hotline_Stat.pdf"
95,Lagos,Public,JSS,Lagos Mainland,LGA,2017/2018,2017,11656,5662,5994,51.4,36,,,,,323.8,,,1,9,7.4,"Lagos Bureau of Statistics, Spotlight on Lagos Statistics 2021 (Tables 4.1-4.3, 4.5), source data Lagos State Ministry of Education; lagosmepb.org/wp-content/uploads/Hotline_Stat.pdf"
96,Lagos,Public,JSS,Mushin,LGA,2017/2018,2017,13767,7609,6158,44.7,30,,,,,458.9,,,-5,0,0.2,"Lagos Bureau of Statistics, Spotlight on Lagos Statistics 2021 (Tables 4.1-4.3, 4.5), source data Lagos State Ministry of Education; lagosmepb.org/wp-content/uploads/Hotline_Stat.pdf"
97,Lagos,Public,JSS,Ojo,LGA,2017/2018,2017,24113,11962,12151,50.4,50,,,,,482.3,,,15,207,9.4,"Lagos Bureau of Statistics, Spotlight on Lagos Statistics 2021 (Tables 4.1-4.3, 4.5), source data Lagos State Ministry of Education; lagosmepb.org/wp-content/uploads/Hotline_Stat.pdf"
98,Lagos,Public,JSS,Oshodi/Isolo,LGA,2017/2018,2017,20138,9607,10531,52.3,26,,,,,774.5,,,-9,0,1.8,"Lagos Bureau of Statistics, Spotlight on Lagos Statistics 2021 (Tables 4.1-4.3, 4.5), source data Lagos State Ministry of Education; lagosmepb.org/wp-content/uploads/Hotline_Stat.pdf"
99,Lagos,Public,JSS,Shomolu,LGA,2017/2018,2017,13706,6164,7542,55,40,,,,,342.6,,,5,49,-5.6,"Lagos Bureau of Statistics, Spotlight on Lagos Statistics 2021 (Tables 4.1-4.3, 4.5), source data Lagos State Ministry of Education; lagosmepb.org/wp-content/uploads/Hotline_Stat.pdf"
100,Lagos,Public,JSS,Surulere,LGA,2017/2018,2017,24566,10926,13640,55.5,37,,,,,663.9,,,2,38,-2.3,"Lagos Bureau of Statistics, Spotlight on Lagos Statistics 2021 (Tables 4.1-4.3, 4.5), source data Lagos State Ministry of Education; lagosmepb.org/wp-content/uploads/Hotline_Stat.pdf"
101,Lagos,Public,SSS,Agege,LGA,2017/2018,2017,9728,4376,5352,55,32,,,,,304,,,-3,0,12.6,"Lagos Bureau of Statistics, Spotlight on Lagos Statistics 2021 (Tables 4.1-4.3, 4.5), source data Lagos State Ministry of Education; lagosmepb.org/wp-content/uploads/Hotline_Stat.pdf"
102,Lagos,Public,SSS,Ajeromi/Ifelodun,LGA,2017/2018,2017,14525,7117,7408,51,41,,,,,354.3,,,6,61,-5.9,"Lagos Bureau of Statistics, Spotlight on Lagos Statistics 2021 (Tables 4.1-4.3, 4.5), source data Lagos State Ministry of Education; lagosmepb.org/wp-content/uploads/Hotline_Stat.pdf"
103,Lagos,Public,SSS,Alimosho,LGA,2017/2018,2017,27592,13504,14088,51.1,29,,,,,951.4,,,-6,0,3.8,"Lagos Bureau of Statistics, Spotlight on Lagos Statistics 2021 (Tables 4.1-4.3, 4.5), source data Lagos State Ministry of Education; lagosmepb.org/wp-content/uploads/Hotline_Stat.pdf"
104,Lagos,Public,SSS,Amuwo Odofin,LGA,2017/2018,2017,6249,2954,3295,52.7,19,,,,,328.9,,,-16,0,-9.2,"Lagos Bureau of Statistics, Spotlight on Lagos Statistics 2021 (Tables 4.1-4.3, 4.5), source data Lagos State Ministry of Education; lagosmepb.org/wp-content/uploads/Hotline_Stat.pdf"
105,Lagos,Public,SSS,Apapa,LGA,2017/2018,2017,5752,2876,2876,50,38,,,,,151.4,,,3,13,0.7,"Lagos Bureau of Statistics, Spotlight on Lagos Statistics 2021 (Tables 4.1-4.3, 4.5), source data Lagos State Ministry of Education; lagosmepb.org/wp-content/uploads/Hotline_Stat.pdf"
106,Lagos,Public,SSS,Badagry,LGA,2017/2018,2017,14647,7449,7198,49.1,34,,,,,430.8,,,-1,0,4,"Lagos Bureau of Statistics, Spotlight on Lagos Statistics 2021 (Tables 4.1-4.3, 4.5), source data Lagos State Ministry of Education; lagosmepb.org/wp-content/uploads/Hotline_Stat.pdf"
107,Lagos,Public,SSS,Epe,LGA,2017/2018,2017,10970,5384,5586,50.9,24,,,,,457.1,,,-11,0,2.3,"Lagos Bureau of Statistics, Spotlight on Lagos Statistics 2021 (Tables 4.1-4.3, 4.5), source data Lagos State Ministry of Education; lagosmepb.org/wp-content/uploads/Hotline_Stat.pdf"
108,Lagos,Public,SSS,Eti-Osa,LGA,2017/2018,2017,10256,4629,5627,54.9,33,,,,,310.8,,,-2,0,9.4,"Lagos Bureau of Statistics, Spotlight on Lagos Statistics 2021 (Tables 4.1-4.3, 4.5), source data Lagos State Ministry of Education; lagosmepb.org/wp-content/uploads/Hotline_Stat.pdf"
109,Lagos,Public,SSS,Ibeju/Lekki,LGA,2017/2018,2017,4484,2238,2246,50.1,36,,,,,124.6,,,1,4,19.3,"Lagos Bureau of Statistics, Spotlight on Lagos Statistics 2021 (Tables 4.1-4.3, 4.5), source data Lagos State Ministry of Education; lagosmepb.org/wp-content/uploads/Hotline_Stat.pdf"
110,Lagos,Public,SSS,Ifako/Ijaye,LGA,2017/2018,2017,7348,3784,3564,48.5,21,,,,,349.9,,,-14,0,13.4,"Lagos Bureau of Statistics, Spotlight on Lagos Statistics 2021 (Tables 4.1-4.3, 4.5), source data Lagos State Ministry of Education; lagosmepb.org/wp-content/uploads/Hotline_Stat.pdf"
111,Lagos,Public,SSS,Ikeja,LGA,2017/2018,2017,9097,4511,4586,50.4,19,,,,,478.8,,,-16,0,3,"Lagos Bureau of Statistics, Spotlight on Lagos Statistics 2021 (Tables 4.1-4.3, 4.5), source data Lagos State Ministry of Education; lagosmepb.org/wp-content/uploads/Hotline_Stat.pdf"
112,Lagos,Public,SSS,Ikorodu,LGA,2017/2018,2017,21511,10330,11181,52,21,,,,,1024.3,,,-14,0,-1.5,"Lagos Bureau of Statistics, Spotlight on Lagos Statistics 2021 (Tables 4.1-4.3, 4.5), source data Lagos State Ministry of Education; lagosmepb.org/wp-content/uploads/Hotline_Stat.pdf"
113,Lagos,Public,SSS,Kosofe,LGA,2017/2018,2017,9872,4684,5188,52.6,20,,,,,493.6,,,-15,0,6.5,"Lagos Bureau of Statistics, Spotlight on Lagos Statistics 2021 (Tables 4.1-4.3, 4.5), source data Lagos State Ministry of Education; lagosmepb.org/wp-content/uploads/Hotline_Stat.pdf"
114,Lagos,Public,SSS,Lagos Island,LGA,2017/2018,2017,5682,2947,2735,48.1,27,,,,,210.4,,,-8,0,-3.2,"Lagos Bureau of Statistics, Spotlight on Lagos Statistics 2021 (Tables 4.1-4.3, 4.5), source data Lagos State Ministry of Education; lagosmepb.org/wp-content/uploads/Hotline_Stat.pdf"
115,Lagos,Public,SSS,Lagos Mainland,LGA,2017/2018,2017,6412,3143,3269,51,25,,,,,256.5,,,-10,0,0.5,"Lagos Bureau of Statistics, Spotlight on Lagos Statistics 2021 (Tables 4.1-4.3, 4.5), source data Lagos State Ministry of Education; lagosmepb.org/wp-content/uploads/Hotline_Stat.pdf"
116,Lagos,Public,SSS,Mushin,LGA,2017/2018,2017,10267,5593,4674,45.5,22,,,,,466.7,,,-13,0,-1.1,"Lagos Bureau of Statistics, Spotlight on Lagos Statistics 2021 (Tables 4.1-4.3, 4.5), source data Lagos State Ministry of Education; lagosmepb.org/wp-content/uploads/Hotline_Stat.pdf"
117,Lagos,Public,SSS,Ojo,LGA,2017/2018,2017,13318,6581,6737,50.6,27,,,,,493.3,,,-8,0,0.7,"Lagos Bureau of Statistics, Spotlight on Lagos Statistics 2021 (Tables 4.1-4.3, 4.5), source data Lagos State Ministry of Education; lagosmepb.org/wp-content/uploads/Hotline_Stat.pdf"
118,Lagos,Public,SSS,Oshodi/Isolo,LGA,2017/2018,2017,13275,6098,7177,54.1,19,,,,,698.7,,,-16,0,2.5,"Lagos Bureau of Statistics, Spotlight on Lagos Statistics 2021 (Tables 4.1-4.3, 4.5), source data Lagos State Ministry of Education; lagosmepb.org/wp-content/uploads/Hotline_Stat.pdf"
119,Lagos,Public,SSS,Shomolu,LGA,2017/2018,2017,7968,3471,4497,56.4,26,,,,,306.5,,,-9,0,18.5,"Lagos Bureau of Statistics, Spotlight on Lagos Statistics 2021 (Tables 4.1-4.3, 4.5), source data Lagos State Ministry of Education; lagosmepb.org/wp-content/uploads/Hotline_Stat.pdf"
120,Lagos,Public,SSS,Surulere,LGA,2017/2018,2017,19707,8530,11177,56.7,27,,,,,729.9,,,-8,0,-0.3,"Lagos Bureau of Statistics, Spotlight on Lagos Statistics 2021 (Tables 4.1-4.3, 4.5), source data Lagos State Ministry of Education; lagosmepb.org/wp-content/uploads/Hotline_Stat.pdf"
121,Lagos,Public,Primary,Agege,LGA,2018/2019,2018,16961,8258,8703,51.3,38,,,,,446.3,,,3,38,-2.8,"Lagos Bureau of Statistics, Spotlight on Lagos Statistics 2021 (Tables 4.1-4.3, 4.5), source data Lagos State Ministry of Education; lagosmepb.org/wp-content/uploads/Hotline_Stat.pdf"
122,Lagos,Public,Primary,Ajeromi/Ifelodun,LGA,2018/2019,2018,24866,12336,12530,50.4,70,,,,,355.2,,,35,355,-0.3,"Lagos Bureau of Statistics, Spotlight on Lagos Statistics 2021 (Tables 4.1-4.3, 4.5), source data Lagos State Ministry of Education; lagosmepb.org/wp-content/uploads/Hotline_Stat.pdf"
123,Lagos,Public,Primary,Alimosho,LGA,2018/2019,2018,41862,21235,20627,49.3,52,,,,,805,,,17,391,-5.6,"Lagos Bureau of Statistics, Spotlight on Lagos Statistics 2021 (Tables 4.1-4.3, 4.5), source data Lagos State Ministry of Education; lagosmepb.org/wp-content/uploads/Hotline_Stat.pdf"
124,Lagos,Public,Primary,Amuwo Odofin,LGA,2018/2019,2018,12317,5801,6516,52.9,61,,,,,201.9,,,26,150,-3.5,"Lagos Bureau of Statistics, Spotlight on Lagos Statistics 2021 (Tables 4.1-4.3, 4.5), source data Lagos State Ministry of Education; lagosmepb.org/wp-content/uploads/Hotline_Stat.pdf"
125,Lagos,Public,Primary,Apapa,LGA,2018/2019,2018,8329,4121,4208,50.5,40,,,,,208.2,,,5,30,2,"Lagos Bureau of Statistics, Spotlight on Lagos Statistics 2021 (Tables 4.1-4.3, 4.5), source data Lagos State Ministry of Education; lagosmepb.org/wp-content/uploads/Hotline_Stat.pdf"
126,Lagos,Public,Primary,Badagry,LGA,2018/2019,2018,27829,14276,13553,48.7,61,,,,,456.2,,,26,339,-7,"Lagos Bureau of Statistics, Spotlight on Lagos Statistics 2021 (Tables 4.1-4.3, 4.5), source data Lagos State Ministry of Education; lagosmepb.org/wp-content/uploads/Hotline_Stat.pdf"
127,Lagos,Public,Primary,Epe,LGA,2018/2019,2018,21764,11026,10738,49.3,56,,,,,388.6,,,21,233,1.7,"Lagos Bureau of Statistics, Spotlight on Lagos Statistics 2021 (Tables 4.1-4.3, 4.5), source data Lagos State Ministry of Education; lagosmepb.org/wp-content/uploads/Hotline_Stat.pdf"
128,Lagos,Public,Primary,Eti-Osa,LGA,2018/2019,2018,12459,5985,6474,52,58,,,,,214.8,,,23,141,-1.8,"Lagos Bureau of Statistics, Spotlight on Lagos Statistics 2021 (Tables 4.1-4.3, 4.5), source data Lagos State Ministry of Education; lagosmepb.org/wp-content/uploads/Hotline_Stat.pdf"
129,Lagos,Public,Primary,Ibeju/Lekki,LGA,2018/2019,2018,17887,8879,9008,50.4,79,,,,,226.4,,,44,285,6,"Lagos Bureau of Statistics, Spotlight on Lagos Statistics 2021 (Tables 4.1-4.3, 4.5), source data Lagos State Ministry of Education; lagosmepb.org/wp-content/uploads/Hotline_Stat.pdf"
130,Lagos,Public,Primary,Ifako/Ijaye,LGA,2018/2019,2018,13086,6585,6501,49.7,30,,,,,436.2,,,-5,0,-10.9,"Lagos Bureau of Statistics, Spotlight on Lagos Statistics 2021 (Tables 4.1-4.3, 4.5), source data Lagos State Ministry of Education; lagosmepb.org/wp-content/uploads/Hotline_Stat.pdf"
131,Lagos,Public,Primary,Ikeja,LGA,2018/2019,2018,10132,4981,5151,50.8,26,,,,,389.7,,,-9,0,-5.9,"Lagos Bureau of Statistics, Spotlight on Lagos Statistics 2021 (Tables 4.1-4.3, 4.5), source data Lagos State Ministry of Education; lagosmepb.org/wp-content/uploads/Hotline_Stat.pdf"
132,Lagos,Public,Primary,Ikorodu,LGA,2018/2019,2018,57793,28786,29007,50.2,67,,,,,862.6,,,32,789,-1,"Lagos Bureau of Statistics, Spotlight on Lagos Statistics 2021 (Tables 4.1-4.3, 4.5), source data Lagos State Ministry of Education; lagosmepb.org/wp-content/uploads/Hotline_Stat.pdf"
133,Lagos,Public,Primary,Kosofe,LGA,2018/2019,2018,20486,9958,10528,51.4,34,,,,,602.5,,,-1,0,-1.7,"Lagos Bureau of Statistics, Spotlight on Lagos Statistics 2021 (Tables 4.1-4.3, 4.5), source data Lagos State Ministry of Education; lagosmepb.org/wp-content/uploads/Hotline_Stat.pdf"
134,Lagos,Public,Primary,Lagos Island,LGA,2018/2019,2018,9187,4323,4864,52.9,36,,,,,255.2,,,1,7,-5,"Lagos Bureau of Statistics, Spotlight on Lagos Statistics 2021 (Tables 4.1-4.3, 4.5), source data Lagos State Ministry of Education; lagosmepb.org/wp-content/uploads/Hotline_Stat.pdf"
135,Lagos,Public,Primary,Lagos Mainland,LGA,2018/2019,2018,15228,7569,7659,50.3,45,,,,,338.4,,,10,97,-4.5,"Lagos Bureau of Statistics, Spotlight on Lagos Statistics 2021 (Tables 4.1-4.3, 4.5), source data Lagos State Ministry of Education; lagosmepb.org/wp-content/uploads/Hotline_Stat.pdf"
136,Lagos,Public,Primary,Mushin,LGA,2018/2019,2018,16990,8183,8807,51.8,44,,,,,386.1,,,9,99,-4.9,"Lagos Bureau of Statistics, Spotlight on Lagos Statistics 2021 (Tables 4.1-4.3, 4.5), source data Lagos State Ministry of Education; lagosmepb.org/wp-content/uploads/Hotline_Stat.pdf"
137,Lagos,Public,Primary,Ojo,LGA,2018/2019,2018,28634,14465,14169,49.5,69,,,,,415,,,34,403,0.9,"Lagos Bureau of Statistics, Spotlight on Lagos Statistics 2021 (Tables 4.1-4.3, 4.5), source data Lagos State Ministry of Education; lagosmepb.org/wp-content/uploads/Hotline_Stat.pdf"
138,Lagos,Public,Primary,Oshodi/Isolo,LGA,2018/2019,2018,18315,8821,9494,51.8,46,,,,,398.2,,,11,125,-5.8,"Lagos Bureau of Statistics, Spotlight on Lagos Statistics 2021 (Tables 4.1-4.3, 4.5), source data Lagos State Ministry of Education; lagosmepb.org/wp-content/uploads/Hotline_Stat.pdf"
139,Lagos,Public,Primary,Shomolu,LGA,2018/2019,2018,12601,6176,6425,51,30,,,,,420,,,-5,0,-1.1,"Lagos Bureau of Statistics, Spotlight on Lagos Statistics 2021 (Tables 4.1-4.3, 4.5), source data Lagos State Ministry of Education; lagosmepb.org/wp-content/uploads/Hotline_Stat.pdf"
140,Lagos,Public,Primary,Surulere,LGA,2018/2019,2018,16044,7692,8352,52.1,44,,,,,364.6,,,9,94,-7.2,"Lagos Bureau of Statistics, Spotlight on Lagos Statistics 2021 (Tables 4.1-4.3, 4.5), source data Lagos State Ministry of Education; lagosmepb.org/wp-content/uploads/Hotline_Stat.pdf"
141,Lagos,Public,JSS,Agege,LGA,2018/2019,2018,14568,6735,7833,53.8,39,,,,,373.5,,,4,43,-4.1,"Lagos Bureau of Statistics, Spotlight on Lagos Statistics 2021 (Tables 4.1-4.3, 4.5), source data Lagos State Ministry of Education; lagosmepb.org/wp-content/uploads/Hotline_Stat.pdf"
142,Lagos,Public,JSS,Ajeromi/Ifelodun,LGA,2018/2019,2018,17926,8528,9398,52.4,65,,,,,275.8,,,30,236,-3.1,"Lagos Bureau of Statistics, Spotlight on Lagos Statistics 2021 (Tables 4.1-4.3, 4.5), source data Lagos State Ministry of Education; lagosmepb.org/wp-content/uploads/Hotline_Stat.pdf"
143,Lagos,Public,JSS,Alimosho,LGA,2018/2019,2018,49266,24749,24517,49.8,44,,,,,1119.7,,,9,288,1.6,"Lagos Bureau of Statistics, Spotlight on Lagos Statistics 2021 (Tables 4.1-4.3, 4.5), source data Lagos State Ministry of Education; lagosmepb.org/wp-content/uploads/Hotline_Stat.pdf"
144,Lagos,Public,JSS,Amuwo Odofin,LGA,2018/2019,2018,11234,5080,6154,54.8,41,,,,,274,,,6,47,0.9,"Lagos Bureau of Statistics, Spotlight on Lagos Statistics 2021 (Tables 4.1-4.3, 4.5), source data Lagos State Ministry of Education; lagosmepb.org/wp-content/uploads/Hotline_Stat.pdf"
145,Lagos,Public,JSS,Apapa,LGA,2018/2019,2018,9670,4748,4922,50.9,72,,,,,134.3,,,37,142,8,"Lagos Bureau of Statistics, Spotlight on Lagos Statistics 2021 (Tables 4.1-4.3, 4.5), source data Lagos State Ministry of Education; lagosmepb.org/wp-content/uploads/Hotline_Stat.pdf"
146,Lagos,Public,JSS,Badagry,LGA,2018/2019,2018,24540,12475,12065,49.2,60,,,,,409,,,25,292,6.7,"Lagos Bureau of Statistics, Spotlight on Lagos Statistics 2021 (Tables 4.1-4.3, 4.5), source data Lagos State Ministry of Education; lagosmepb.org/wp-content/uploads/Hotline_Stat.pdf"
147,Lagos,Public,JSS,Epe,LGA,2018/2019,2018,15998,8006,7992,50,34,,,,,470.5,,,-1,0,4.2,"Lagos Bureau of Statistics, Spotlight on Lagos Statistics 2021 (Tables 4.1-4.3, 4.5), source data Lagos State Ministry of Education; lagosmepb.org/wp-content/uploads/Hotline_Stat.pdf"
148,Lagos,Public,JSS,Eti-Osa,LGA,2018/2019,2018,13208,6166,7042,53.3,44,,,,,300.2,,,9,77,2.7,"Lagos Bureau of Statistics, Spotlight on Lagos Statistics 2021 (Tables 4.1-4.3, 4.5), source data Lagos State Ministry of Education; lagosmepb.org/wp-content/uploads/Hotline_Stat.pdf"
149,Lagos,Public,JSS,Ibeju/Lekki,LGA,2018/2019,2018,8858,4242,4616,52.1,52,,,,,170.3,,,17,83,8.1,"Lagos Bureau of Statistics, Spotlight on Lagos Statistics 2021 (Tables 4.1-4.3, 4.5), source data Lagos State Ministry of Education; lagosmepb.org/wp-content/uploads/Hotline_Stat.pdf"
150,Lagos,Public,JSS,Ifako/Ijaye,LGA,2018/2019,2018,15462,7850,7612,49.2,28,,,,,552.2,,,-7,0,6.4,"Lagos Bureau of Statistics, Spotlight on Lagos Statistics 2021 (Tables 4.1-4.3, 4.5), source data Lagos State Ministry of Education; lagosmepb.org/wp-content/uploads/Hotline_Stat.pdf"
151,Lagos,Public,JSS,Ikeja,LGA,2018/2019,2018,14020,6855,7165,51.1,26,,,,,539.2,,,-9,0,2.6,"Lagos Bureau of Statistics, Spotlight on Lagos Statistics 2021 (Tables 4.1-4.3, 4.5), source data Lagos State Ministry of Education; lagosmepb.org/wp-content/uploads/Hotline_Stat.pdf"
152,Lagos,Public,JSS,Ikorodu,LGA,2018/2019,2018,45703,22821,22882,50.1,49,,,,,932.7,,,14,373,4.5,"Lagos Bureau of Statistics, Spotlight on Lagos Statistics 2021 (Tables 4.1-4.3, 4.5), source data Lagos State Ministry of Education; lagosmepb.org/wp-content/uploads/Hotline_Stat.pdf"
153,Lagos,Public,JSS,Kosofe,LGA,2018/2019,2018,17309,8337,8972,51.8,39,,,,,443.8,,,4,51,-3.1,"Lagos Bureau of Statistics, Spotlight on Lagos Statistics 2021 (Tables 4.1-4.3, 4.5), source data Lagos State Ministry of Education; lagosmepb.org/wp-content/uploads/Hotline_Stat.pdf"
154,Lagos,Public,JSS,Lagos Island,LGA,2018/2019,2018,6831,3529,3302,48.3,34,,,,,200.9,,,-1,0,1,"Lagos Bureau of Statistics, Spotlight on Lagos Statistics 2021 (Tables 4.1-4.3, 4.5), source data Lagos State Ministry of Education; lagosmepb.org/wp-content/uploads/Hotline_Stat.pdf"
155,Lagos,Public,JSS,Lagos Mainland,LGA,2018/2019,2018,11468,5516,5952,51.9,41,,,,,279.7,,,6,48,-1.6,"Lagos Bureau of Statistics, Spotlight on Lagos Statistics 2021 (Tables 4.1-4.3, 4.5), source data Lagos State Ministry of Education; lagosmepb.org/wp-content/uploads/Hotline_Stat.pdf"
156,Lagos,Public,JSS,Mushin,LGA,2018/2019,2018,13161,7253,5908,44.9,28,,,,,470,,,-7,0,-4.4,"Lagos Bureau of Statistics, Spotlight on Lagos Statistics 2021 (Tables 4.1-4.3, 4.5), source data Lagos State Ministry of Education; lagosmepb.org/wp-content/uploads/Hotline_Stat.pdf"
157,Lagos,Public,JSS,Ojo,LGA,2018/2019,2018,24914,12255,12659,50.8,47,,,,,530.1,,,12,182,3.3,"Lagos Bureau of Statistics, Spotlight on Lagos Statistics 2021 (Tables 4.1-4.3, 4.5), source data Lagos State Ministry of Education; lagosmepb.org/wp-content/uploads/Hotline_Stat.pdf"
158,Lagos,Public,JSS,Oshodi/Isolo,LGA,2018/2019,2018,19835,9496,10339,52.1,25,,,,,793.4,,,-10,0,-1.5,"Lagos Bureau of Statistics, Spotlight on Lagos Statistics 2021 (Tables 4.1-4.3, 4.5), source data Lagos State Ministry of Education; lagosmepb.org/wp-content/uploads/Hotline_Stat.pdf"
159,Lagos,Public,JSS,Shomolu,LGA,2018/2019,2018,13662,6080,7582,55.5,60,,,,,227.7,,,25,163,-0.3,"Lagos Bureau of Statistics, Spotlight on Lagos Statistics 2021 (Tables 4.1-4.3, 4.5), source data Lagos State Ministry of Education; lagosmepb.org/wp-content/uploads/Hotline_Stat.pdf"
160,Lagos,Public,JSS,Surulere,LGA,2018/2019,2018,24662,10716,13946,56.5,40,,,,,616.6,,,5,88,0.4,"Lagos Bureau of Statistics, Spotlight on Lagos Statistics 2021 (Tables 4.1-4.3, 4.5), source data Lagos State Ministry of Education; lagosmepb.org/wp-content/uploads/Hotline_Stat.pdf"
161,Lagos,Public,SSS,Agege,LGA,2018/2019,2018,9060,4044,5016,55.4,32,,,,,283.1,,,-3,0,-6.9,"Lagos Bureau of Statistics, Spotlight on Lagos Statistics 2021 (Tables 4.1-4.3, 4.5), source data Lagos State Ministry of Education; lagosmepb.org/wp-content/uploads/Hotline_Stat.pdf"
162,Lagos,Public,SSS,Ajeromi/Ifelodun,LGA,2018/2019,2018,14149,6796,7353,52,38,,,,,372.3,,,3,32,-2.6,"Lagos Bureau of Statistics, Spotlight on Lagos Statistics 2021 (Tables 4.1-4.3, 4.5), source data Lagos State Ministry of Education; lagosmepb.org/wp-content/uploads/Hotline_Stat.pdf"
163,Lagos,Public,SSS,Alimosho,LGA,2018/2019,2018,28199,13906,14293,50.7,31,,,,,909.6,,,-4,0,2.2,"Lagos Bureau of Statistics, Spotlight on Lagos Statistics 2021 (Tables 4.1-4.3, 4.5), source data Lagos State Ministry of Education; lagosmepb.org/wp-content/uploads/Hotline_Stat.pdf"
164,Lagos,Public,SSS,Amuwo Odofin,LGA,2018/2019,2018,6493,2915,3578,55.1,17,,,,,381.9,,,-18,0,3.9,"Lagos Bureau of Statistics, Spotlight on Lagos Statistics 2021 (Tables 4.1-4.3, 4.5), source data Lagos State Ministry of Education; lagosmepb.org/wp-content/uploads/Hotline_Stat.pdf"
165,Lagos,Public,SSS,Apapa,LGA,2018/2019,2018,5775,2883,2892,50.1,42,,,,,137.5,,,7,28,0.4,"Lagos Bureau of Statistics, Spotlight on Lagos Statistics 2021 (Tables 4.1-4.3, 4.5), source data Lagos State Ministry of Education; lagosmepb.org/wp-content/uploads/Hotline_Stat.pdf"
166,Lagos,Public,SSS,Badagry,LGA,2018/2019,2018,15375,7749,7626,49.6,33,,,,,465.9,,,-2,0,5,"Lagos Bureau of Statistics, Spotlight on Lagos Statistics 2021 (Tables 4.1-4.3, 4.5), source data Lagos State Ministry of Education; lagosmepb.org/wp-content/uploads/Hotline_Stat.pdf"
167,Lagos,Public,SSS,Epe,LGA,2018/2019,2018,11752,5839,5913,50.3,26,,,,,452,,,-9,0,7.1,"Lagos Bureau of Statistics, Spotlight on Lagos Statistics 2021 (Tables 4.1-4.3, 4.5), source data Lagos State Ministry of Education; lagosmepb.org/wp-content/uploads/Hotline_Stat.pdf"
168,Lagos,Public,SSS,Eti-Osa,LGA,2018/2019,2018,9133,4210,4923,53.9,29,,,,,314.9,,,-6,0,-10.9,"Lagos Bureau of Statistics, Spotlight on Lagos Statistics 2021 (Tables 4.1-4.3, 4.5), source data Lagos State Ministry of Education; lagosmepb.org/wp-content/uploads/Hotline_Stat.pdf"
169,Lagos,Public,SSS,Ibeju/Lekki,LGA,2018/2019,2018,4733,2332,2401,50.7,34,,,,,139.2,,,-1,0,5.6,"Lagos Bureau of Statistics, Spotlight on Lagos Statistics 2021 (Tables 4.1-4.3, 4.5), source data Lagos State Ministry of Education; lagosmepb.org/wp-content/uploads/Hotline_Stat.pdf"
170,Lagos,Public,SSS,Ifako/Ijaye,LGA,2018/2019,2018,8360,4169,4191,50.1,25,,,,,334.4,,,-10,0,13.8,"Lagos Bureau of Statistics, Spotlight on Lagos Statistics 2021 (Tables 4.1-4.3, 4.5), source data Lagos State Ministry of Education; lagosmepb.org/wp-content/uploads/Hotline_Stat.pdf"
171,Lagos,Public,SSS,Ikeja,LGA,2018/2019,2018,8383,4216,4167,49.7,18,,,,,465.7,,,-17,0,-7.8,"Lagos Bureau of Statistics, Spotlight on Lagos Statistics 2021 (Tables 4.1-4.3, 4.5), source data Lagos State Ministry of Education; lagosmepb.org/wp-content/uploads/Hotline_Stat.pdf"
172,Lagos,Public,SSS,Ikorodu,LGA,2018/2019,2018,24138,11564,12574,52.1,24,,,,,1005.8,,,-11,0,12.2,"Lagos Bureau of Statistics, Spotlight on Lagos Statistics 2021 (Tables 4.1-4.3, 4.5), source data Lagos State Ministry of Education; lagosmepb.org/wp-content/uploads/Hotline_Stat.pdf"
173,Lagos,Public,SSS,Kosofe,LGA,2018/2019,2018,10405,4909,5496,52.8,22,,,,,473,,,-13,0,5.4,"Lagos Bureau of Statistics, Spotlight on Lagos Statistics 2021 (Tables 4.1-4.3, 4.5), source data Lagos State Ministry of Education; lagosmepb.org/wp-content/uploads/Hotline_Stat.pdf"
174,Lagos,Public,SSS,Lagos Island,LGA,2018/2019,2018,5901,3113,2788,47.2,28,,,,,210.8,,,-7,0,3.9,"Lagos Bureau of Statistics, Spotlight on Lagos Statistics 2021 (Tables 4.1-4.3, 4.5), source data Lagos State Ministry of Education; lagosmepb.org/wp-content/uploads/Hotline_Stat.pdf"
175,Lagos,Public,SSS,Lagos Mainland,LGA,2018/2019,2018,6768,3289,3479,51.4,28,,,,,241.7,,,-7,0,5.6,"Lagos Bureau of Statistics, Spotlight on Lagos Statistics 2021 (Tables 4.1-4.3, 4.5), source data Lagos State Ministry of Education; lagosmepb.org/wp-content/uploads/Hotline_Stat.pdf"
176,Lagos,Public,SSS,Mushin,LGA,2018/2019,2018,9677,5087,4590,47.4,21,,,,,460.8,,,-14,0,-5.7,"Lagos Bureau of Statistics, Spotlight on Lagos Statistics 2021 (Tables 4.1-4.3, 4.5), source data Lagos State Ministry of Education; lagosmepb.org/wp-content/uploads/Hotline_Stat.pdf"
177,Lagos,Public,SSS,Ojo,LGA,2018/2019,2018,13961,7007,6954,49.8,25,,,,,558.4,,,-10,0,4.8,"Lagos Bureau of Statistics, Spotlight on Lagos Statistics 2021 (Tables 4.1-4.3, 4.5), source data Lagos State Ministry of Education; lagosmepb.org/wp-content/uploads/Hotline_Stat.pdf"
178,Lagos,Public,SSS,Oshodi/Isolo,LGA,2018/2019,2018,13754,6252,7502,54.5,20,,,,,687.7,,,-15,0,3.6,"Lagos Bureau of Statistics, Spotlight on Lagos Statistics 2021 (Tables 4.1-4.3, 4.5), source data Lagos State Ministry of Education; lagosmepb.org/wp-content/uploads/Hotline_Stat.pdf"
179,Lagos,Public,SSS,Shomolu,LGA,2018/2019,2018,8405,3744,4661,55.5,31,,,,,271.1,,,-4,0,5.5,"Lagos Bureau of Statistics, Spotlight on Lagos Statistics 2021 (Tables 4.1-4.3, 4.5), source data Lagos State Ministry of Education; lagosmepb.org/wp-content/uploads/Hotline_Stat.pdf"
180,Lagos,Public,SSS,Surulere,LGA,2018/2019,2018,20190,8635,11555,57.2,30,,,,,673,,,-5,0,2.5,"Lagos Bureau of Statistics, Spotlight on Lagos Statistics 2021 (Tables 4.1-4.3, 4.5), source data Lagos State Ministry of Education; lagosmepb.org/wp-content/uploads/Hotline_Stat.pdf"
181,Lagos,Public,Primary,Agege,LGA,2019/2020,2019,16078,8000,8078,50.2,43,,,,,373.9,,,8,85,-5.2,"Lagos Bureau of Statistics, Spotlight on Lagos Statistics 2021 (Tables 4.1-4.3, 4.5), source data Lagos State Ministry of Education; lagosmepb.org/wp-content/uploads/Hotline_Stat.pdf"
182,Lagos,Public,Primary,Ajeromi/Ifelodun,LGA,2019/2020,2019,23682,11535,12147,51.3,78,,,,,303.6,,,43,373,-4.8,"Lagos Bureau of Statistics, Spotlight on Lagos Statistics 2021 (Tables 4.1-4.3, 4.5), source data Lagos State Ministry of Education; lagosmepb.org/wp-content/uploads/Hotline_Stat.pdf"
183,Lagos,Public,Primary,Alimosho,LGA,2019/2020,2019,40707,20775,19932,49,52,,,,,782.8,,,17,380,-2.8,"Lagos Bureau of Statistics, Spotlight on Lagos Statistics 2021 (Tables 4.1-4.3, 4.5), source data Lagos State Ministry of Education; lagosmepb.org/wp-content/uploads/Hotline_Stat.pdf"
184,Lagos,Public,Primary,Amuwo Odofin,LGA,2019/2020,2019,11617,5491,6126,52.7,61,,,,,190.4,,,26,142,-5.7,"Lagos Bureau of Statistics, Spotlight on Lagos Statistics 2021 (Tables 4.1-4.3, 4.5), source data Lagos State Ministry of Education; lagosmepb.org/wp-content/uploads/Hotline_Stat.pdf"
185,Lagos,Public,Primary,Apapa,LGA,2019/2020,2019,7116,3514,3602,50.6,43,,,,,165.5,,,8,38,-14.6,"Lagos Bureau of Statistics, Spotlight on Lagos Statistics 2021 (Tables 4.1-4.3, 4.5), source data Lagos State Ministry of Education; lagosmepb.org/wp-content/uploads/Hotline_Stat.pdf"
186,Lagos,Public,Primary,Badagry,LGA,2019/2020,2019,27470,14074,13396,48.8,57,,,,,481.9,,,22,303,-1.3,"Lagos Bureau of Statistics, Spotlight on Lagos Statistics 2021 (Tables 4.1-4.3, 4.5), source data Lagos State Ministry of Education; lagosmepb.org/wp-content/uploads/Hotline_Stat.pdf"
187,Lagos,Public,Primary,Epe,LGA,2019/2020,2019,20252,10160,10092,49.8,55,,,,,368.2,,,20,210,-6.9,"Lagos Bureau of Statistics, Spotlight on Lagos Statistics 2021 (Tables 4.1-4.3, 4.5), source data Lagos State Ministry of Education; lagosmepb.org/wp-content/uploads/Hotline_Stat.pdf"
188,Lagos,Public,Primary,Eti-Osa,LGA,2019/2020,2019,12829,6197,6632,51.7,62,,,,,206.9,,,27,160,3,"Lagos Bureau of Statistics, Spotlight on Lagos Statistics 2021 (Tables 4.1-4.3, 4.5), source data Lagos State Ministry of Education; lagosmepb.org/wp-content/uploads/Hotline_Stat.pdf"
189,Lagos,Public,Primary,Ibeju/Lekki,LGA,2019/2020,2019,18479,9084,9395,50.8,88,,,,,210,,,53,318,3.3,"Lagos Bureau of Statistics, Spotlight on Lagos Statistics 2021 (Tables 4.1-4.3, 4.5), source data Lagos State Ministry of Education; lagosmepb.org/wp-content/uploads/Hotline_Stat.pdf"
190,Lagos,Public,Primary,Ifako/Ijaye,LGA,2019/2020,2019,12428,6321,6107,49.1,33,,,,,376.6,,,-2,0,-5,"Lagos Bureau of Statistics, Spotlight on Lagos Statistics 2021 (Tables 4.1-4.3, 4.5), source data Lagos State Ministry of Education; lagosmepb.org/wp-content/uploads/Hotline_Stat.pdf"
191,Lagos,Public,Primary,Ikeja,LGA,2019/2020,2019,9502,4703,4799,50.5,29,,,,,327.7,,,-6,0,-6.2,"Lagos Bureau of Statistics, Spotlight on Lagos Statistics 2021 (Tables 4.1-4.3, 4.5), source data Lagos State Ministry of Education; lagosmepb.org/wp-content/uploads/Hotline_Stat.pdf"
192,Lagos,Public,Primary,Ikorodu,LGA,2019/2020,2019,56310,27770,28540,50.7,74,,,,,760.9,,,39,848,-2.6,"Lagos Bureau of Statistics, Spotlight on Lagos Statistics 2021 (Tables 4.1-4.3, 4.5), source data Lagos State Ministry of Education; lagosmepb.org/wp-content/uploads/Hotline_Stat.pdf"
193,Lagos,Public,Primary,Kosofe,LGA,2019/2020,2019,19753,9667,10086,51.1,39,,,,,506.5,,,4,58,-3.6,"Lagos Bureau of Statistics, Spotlight on Lagos Statistics 2021 (Tables 4.1-4.3, 4.5), source data Lagos State Ministry of Education; lagosmepb.org/wp-content/uploads/Hotline_Stat.pdf"
194,Lagos,Public,Primary,Lagos Island,LGA,2019/2020,2019,9275,4435,4840,52.2,41,,,,,226.2,,,6,39,1,"Lagos Bureau of Statistics, Spotlight on Lagos Statistics 2021 (Tables 4.1-4.3, 4.5), source data Lagos State Ministry of Education; lagosmepb.org/wp-content/uploads/Hotline_Stat.pdf"
195,Lagos,Public,Primary,Lagos Mainland,LGA,2019/2020,2019,14575,7132,7443,51.1,50,,,,,291.5,,,15,125,-4.3,"Lagos Bureau of Statistics, Spotlight on Lagos Statistics 2021 (Tables 4.1-4.3, 4.5), source data Lagos State Ministry of Education; lagosmepb.org/wp-content/uploads/Hotline_Stat.pdf"
196,Lagos,Public,Primary,Mushin,LGA,2019/2020,2019,14784,7243,7541,51,43,,,,,343.8,,,8,79,-13,"Lagos Bureau of Statistics, Spotlight on Lagos Statistics 2021 (Tables 4.1-4.3, 4.5), source data Lagos State Ministry of Education; lagosmepb.org/wp-content/uploads/Hotline_Stat.pdf"
197,Lagos,Public,Primary,Ojo,LGA,2019/2020,2019,27239,13959,13280,48.8,73,,,,,373.1,,,38,405,-4.9,"Lagos Bureau of Statistics, Spotlight on Lagos Statistics 2021 (Tables 4.1-4.3, 4.5), source data Lagos State Ministry of Education; lagosmepb.org/wp-content/uploads/Hotline_Stat.pdf"
198,Lagos,Public,Primary,Oshodi/Isolo,LGA,2019/2020,2019,18682,9088,9594,51.4,59,,,,,316.6,,,24,217,2,"Lagos Bureau of Statistics, Spotlight on Lagos Statistics 2021 (Tables 4.1-4.3, 4.5), source data Lagos State Ministry of Education; lagosmepb.org/wp-content/uploads/Hotline_Stat.pdf"
199,Lagos,Public,Primary,Shomolu,LGA,2019/2020,2019,12009,5920,6089,50.7,36,,,,,333.6,,,1,10,-4.7,"Lagos Bureau of Statistics, Spotlight on Lagos Statistics 2021 (Tables 4.1-4.3, 4.5), source data Lagos State Ministry of Education; lagosmepb.org/wp-content/uploads/Hotline_Stat.pdf"
200,Lagos,Public,Primary,Surulere,LGA,2019/2020,2019,15219,7339,7880,51.8,44,,,,,345.9,,,9,89,-5.1,"Lagos Bureau of Statistics, Spotlight on Lagos Statistics 2021 (Tables 4.1-4.3, 4.5), source data Lagos State Ministry of Education; lagosmepb.org/wp-content/uploads/Hotline_Stat.pdf"
201,Lagos,Public,JSS,Agege,LGA,2019/2020,2019,14830,6827,8003,54,38,,,,,390.3,,,3,33,1.8,"Lagos Bureau of Statistics, Spotlight on Lagos Statistics 2021 (Tables 4.1-4.3, 4.5), source data Lagos State Ministry of Education; lagosmepb.org/wp-content/uploads/Hotline_Stat.pdf"
202,Lagos,Public,JSS,Ajeromi/Ifelodun,LGA,2019/2020,2019,18687,9328,9359,50.1,84,,,,,222.5,,,49,311,4.2,"Lagos Bureau of Statistics, Spotlight on Lagos Statistics 2021 (Tables 4.1-4.3, 4.5), source data Lagos State Ministry of Education; lagosmepb.org/wp-content/uploads/Hotline_Stat.pdf"
203,Lagos,Public,JSS,Alimosho,LGA,2019/2020,2019,49256,24760,24496,49.7,47,,,,,1048,,,12,359,0,"Lagos Bureau of Statistics, Spotlight on Lagos Statistics 2021 (Tables 4.1-4.3, 4.5), source data Lagos State Ministry of Education; lagosmepb.org/wp-content/uploads/Hotline_Stat.pdf"
204,Lagos,Public,JSS,Amuwo Odofin,LGA,2019/2020,2019,11842,5518,6324,53.4,52,,,,,227.7,,,17,111,5.4,"Lagos Bureau of Statistics, Spotlight on Lagos Statistics 2021 (Tables 4.1-4.3, 4.5), source data Lagos State Ministry of Education; lagosmepb.org/wp-content/uploads/Hotline_Stat.pdf"
205,Lagos,Public,JSS,Apapa,LGA,2019/2020,2019,8982,4567,4415,49.2,65,,,,,138.2,,,30,118,-7.1,"Lagos Bureau of Statistics, Spotlight on Lagos Statistics 2021 (Tables 4.1-4.3, 4.5), source data Lagos State Ministry of Education; lagosmepb.org/wp-content/uploads/Hotline_Stat.pdf"
206,Lagos,Public,JSS,Badagry,LGA,2019/2020,2019,25439,13084,12355,48.6,73,,,,,348.5,,,38,378,3.7,"Lagos Bureau of Statistics, Spotlight on Lagos Statistics 2021 (Tables 4.1-4.3, 4.5), source data Lagos State Ministry of Education; lagosmepb.org/wp-content/uploads/Hotline_Stat.pdf"
207,Lagos,Public,JSS,Epe,LGA,2019/2020,2019,15775,8140,7635,48.4,35,,,,,450.7,,,0,0,-1.4,"Lagos Bureau of Statistics, Spotlight on Lagos Statistics 2021 (Tables 4.1-4.3, 4.5), source data Lagos State Ministry of Education; lagosmepb.org/wp-content/uploads/Hotline_Stat.pdf"
208,Lagos,Public,JSS,Eti-Osa,LGA,2019/2020,2019,12555,5756,6799,54.2,56,,,,,224.2,,,21,135,-4.9,"Lagos Bureau of Statistics, Spotlight on Lagos Statistics 2021 (Tables 4.1-4.3, 4.5), source data Lagos State Ministry of Education; lagosmepb.org/wp-content/uploads/Hotline_Stat.pdf"
209,Lagos,Public,JSS,Ibeju/Lekki,LGA,2019/2020,2019,9001,4215,4786,53.2,64,,,,,140.6,,,29,117,1.6,"Lagos Bureau of Statistics, Spotlight on Lagos Statistics 2021 (Tables 4.1-4.3, 4.5), source data Lagos State Ministry of Education; lagosmepb.org/wp-content/uploads/Hotline_Stat.pdf"
210,Lagos,Public,JSS,Ifako/Ijaye,LGA,2019/2020,2019,16679,8607,8072,48.4,41,,,,,406.8,,,6,70,7.9,"Lagos Bureau of Statistics, Spotlight on Lagos Statistics 2021 (Tables 4.1-4.3, 4.5), source data Lagos State Ministry of Education; lagosmepb.org/wp-content/uploads/Hotline_Stat.pdf"
211,Lagos,Public,JSS,Ikeja,LGA,2019/2020,2019,14595,7227,7368,50.5,31,,,,,470.8,,,-4,0,4.1,"Lagos Bureau of Statistics, Spotlight on Lagos Statistics 2021 (Tables 4.1-4.3, 4.5), source data Lagos State Ministry of Education; lagosmepb.org/wp-content/uploads/Hotline_Stat.pdf"
212,Lagos,Public,JSS,Ikorodu,LGA,2019/2020,2019,47769,23997,23772,49.8,54,,,,,884.6,,,19,480,4.5,"Lagos Bureau of Statistics, Spotlight on Lagos Statistics 2021 (Tables 4.1-4.3, 4.5), source data Lagos State Ministry of Education; lagosmepb.org/wp-content/uploads/Hotline_Stat.pdf"
213,Lagos,Public,JSS,Kosofe,LGA,2019/2020,2019,16813,8172,8641,51.4,41,,,,,410.1,,,6,70,-2.9,"Lagos Bureau of Statistics, Spotlight on Lagos Statistics 2021 (Tables 4.1-4.3, 4.5), source data Lagos State Ministry of Education; lagosmepb.org/wp-content/uploads/Hotline_Stat.pdf"
214,Lagos,Public,JSS,Lagos Island,LGA,2019/2020,2019,7039,3522,3517,50,49,,,,,143.7,,,14,57,3,"Lagos Bureau of Statistics, Spotlight on Lagos Statistics 2021 (Tables 4.1-4.3, 4.5), source data Lagos State Ministry of Education; lagosmepb.org/wp-content/uploads/Hotline_Stat.pdf"
215,Lagos,Public,JSS,Lagos Mainland,LGA,2019/2020,2019,11763,6004,5759,49,40,,,,,294.1,,,5,42,2.6,"Lagos Bureau of Statistics, Spotlight on Lagos Statistics 2021 (Tables 4.1-4.3, 4.5), source data Lagos State Ministry of Education; lagosmepb.org/wp-content/uploads/Hotline_Stat.pdf"
216,Lagos,Public,JSS,Mushin,LGA,2019/2020,2019,11783,6390,5393,45.8,31,,,,,380.1,,,-4,0,-10.5,"Lagos Bureau of Statistics, Spotlight on Lagos Statistics 2021 (Tables 4.1-4.3, 4.5), source data Lagos State Ministry of Education; lagosmepb.org/wp-content/uploads/Hotline_Stat.pdf"
217,Lagos,Public,JSS,Ojo,LGA,2019/2020,2019,25832,12893,12939,50.1,60,,,,,430.5,,,25,308,3.7,"Lagos Bureau of Statistics, Spotlight on Lagos Statistics 2021 (Tables 4.1-4.3, 4.5), source data Lagos State Ministry of Education; lagosmepb.org/wp-content/uploads/Hotline_Stat.pdf"
218,Lagos,Public,JSS,Oshodi/Isolo,LGA,2019/2020,2019,19403,9160,10243,52.8,31,,,,,625.9,,,-4,0,-2.2,"Lagos Bureau of Statistics, Spotlight on Lagos Statistics 2021 (Tables 4.1-4.3, 4.5), source data Lagos State Ministry of Education; lagosmepb.org/wp-content/uploads/Hotline_Stat.pdf"
219,Lagos,Public,JSS,Shomolu,LGA,2019/2020,2019,13137,5865,7272,55.4,52,,,,,252.6,,,17,123,-3.8,"Lagos Bureau of Statistics, Spotlight on Lagos Statistics 2021 (Tables 4.1-4.3, 4.5), source data Lagos State Ministry of Education; lagosmepb.org/wp-content/uploads/Hotline_Stat.pdf"
220,Lagos,Public,JSS,Surulere,LGA,2019/2020,2019,23537,10298,13239,56.2,46,,,,,511.7,,,11,161,-4.6,"Lagos Bureau of Statistics, Spotlight on Lagos Statistics 2021 (Tables 4.1-4.3, 4.5), source data Lagos State Ministry of Education; lagosmepb.org/wp-content/uploads/Hotline_Stat.pdf"
221,Lagos,Public,SSS,Agege,LGA,2019/2020,2019,8912,3987,4925,55.3,32,,,,,278.5,,,-3,0,-1.6,"Lagos Bureau of Statistics, Spotlight on Lagos Statistics 2021 (Tables 4.1-4.3, 4.5), source data Lagos State Ministry of Education; lagosmepb.org/wp-content/uploads/Hotline_Stat.pdf"
222,Lagos,Public,SSS,Ajeromi/Ifelodun,LGA,2019/2020,2019,14234,6997,7237,50.8,41,,,,,347.2,,,6,59,0.6,"Lagos Bureau of Statistics, Spotlight on Lagos Statistics 2021 (Tables 4.1-4.3, 4.5), source data Lagos State Ministry of Education; lagosmepb.org/wp-content/uploads/Hotline_Stat.pdf"
223,Lagos,Public,SSS,Alimosho,LGA,2019/2020,2019,31465,15394,16071,51.1,36,,,,,874,,,1,25,11.6,"Lagos Bureau of Statistics, Spotlight on Lagos Statistics 2021 (Tables 4.1-4.3, 4.5), source data Lagos State Ministry of Education; lagosmepb.org/wp-content/uploads/Hotline_Stat.pdf"
224,Lagos,Public,SSS,Amuwo Odofin,LGA,2019/2020,2019,6957,3069,3888,55.9,20,,,,,347.8,,,-15,0,7.1,"Lagos Bureau of Statistics, Spotlight on Lagos Statistics 2021 (Tables 4.1-4.3, 4.5), source data Lagos State Ministry of Education; lagosmepb.org/wp-content/uploads/Hotline_Stat.pdf"
225,Lagos,Public,SSS,Apapa,LGA,2019/2020,2019,6441,3012,3429,53.2,48,,,,,134.2,,,13,50,11.5,"Lagos Bureau of Statistics, Spotlight on Lagos Statistics 2021 (Tables 4.1-4.3, 4.5), source data Lagos State Ministry of Education; lagosmepb.org/wp-content/uploads/Hotline_Stat.pdf"
226,Lagos,Public,SSS,Badagry,LGA,2019/2020,2019,16257,8290,7967,49,40,,,,,406.4,,,5,58,5.7,"Lagos Bureau of Statistics, Spotlight on Lagos Statistics 2021 (Tables 4.1-4.3, 4.5), source data Lagos State Ministry of Education; lagosmepb.org/wp-content/uploads/Hotline_Stat.pdf"
227,Lagos,Public,SSS,Epe,LGA,2019/2020,2019,11859,5673,6186,52.2,26,,,,,456.1,,,-9,0,0.9,"Lagos Bureau of Statistics, Spotlight on Lagos Statistics 2021 (Tables 4.1-4.3, 4.5), source data Lagos State Ministry of Education; lagosmepb.org/wp-content/uploads/Hotline_Stat.pdf"
228,Lagos,Public,SSS,Eti-Osa,LGA,2019/2020,2019,9292,4150,5142,55.3,33,,,,,281.6,,,-2,0,1.7,"Lagos Bureau of Statistics, Spotlight on Lagos Statistics 2021 (Tables 4.1-4.3, 4.5), source data Lagos State Ministry of Education; lagosmepb.org/wp-content/uploads/Hotline_Stat.pdf"
229,Lagos,Public,SSS,Ibeju/Lekki,LGA,2019/2020,2019,5168,2500,2668,51.6,41,,,,,126,,,6,22,9.2,"Lagos Bureau of Statistics, Spotlight on Lagos Statistics 2021 (Tables 4.1-4.3, 4.5), source data Lagos State Ministry of Education; lagosmepb.org/wp-content/uploads/Hotline_Stat.pdf"
230,Lagos,Public,SSS,Ifako/Ijaye,LGA,2019/2020,2019,9246,4649,4597,49.7,32,,,,,288.9,,,-3,0,10.6,"Lagos Bureau of Statistics, Spotlight on Lagos Statistics 2021 (Tables 4.1-4.3, 4.5), source data Lagos State Ministry of Education; lagosmepb.org/wp-content/uploads/Hotline_Stat.pdf"
231,Lagos,Public,SSS,Ikeja,LGA,2019/2020,2019,8815,4384,4431,50.3,21,,,,,419.8,,,-14,0,5.2,"Lagos Bureau of Statistics, Spotlight on Lagos Statistics 2021 (Tables 4.1-4.3, 4.5), source data Lagos State Ministry of Education; lagosmepb.org/wp-content/uploads/Hotline_Stat.pdf"
232,Lagos,Public,SSS,Ikorodu,LGA,2019/2020,2019,28497,14186,14311,50.2,30,,,,,949.9,,,-5,0,18.1,"Lagos Bureau of Statistics, Spotlight on Lagos Statistics 2021 (Tables 4.1-4.3, 4.5), source data Lagos State Ministry of Education; lagosmepb.org/wp-content/uploads/Hotline_Stat.pdf"
233,Lagos,Public,SSS,Kosofe,LGA,2019/2020,2019,10898,5177,5721,52.5,23,,,,,473.8,,,-12,0,4.7,"Lagos Bureau of Statistics, Spotlight on Lagos Statistics 2021 (Tables 4.1-4.3, 4.5), source data Lagos State Ministry of Education; lagosmepb.org/wp-content/uploads/Hotline_Stat.pdf"
234,Lagos,Public,SSS,Lagos Island,LGA,2019/2020,2019,6400,3279,3121,48.8,33,,,,,193.9,,,-2,0,8.5,"Lagos Bureau of Statistics, Spotlight on Lagos Statistics 2021 (Tables 4.1-4.3, 4.5), source data Lagos State Ministry of Education; lagosmepb.org/wp-content/uploads/Hotline_Stat.pdf"
235,Lagos,Public,SSS,Lagos Mainland,LGA,2019/2020,2019,7405,3985,3420,46.2,36,,,,,205.7,,,1,6,9.4,"Lagos Bureau of Statistics, Spotlight on Lagos Statistics 2021 (Tables 4.1-4.3, 4.5), source data Lagos State Ministry of Education; lagosmepb.org/wp-content/uploads/Hotline_Stat.pdf"
236,Lagos,Public,SSS,Mushin,LGA,2019/2020,2019,9595,4619,4976,51.9,23,,,,,417.2,,,-12,0,-0.8,"Lagos Bureau of Statistics, Spotlight on Lagos Statistics 2021 (Tables 4.1-4.3, 4.5), source data Lagos State Ministry of Education; lagosmepb.org/wp-content/uploads/Hotline_Stat.pdf"
237,Lagos,Public,SSS,Ojo,LGA,2019/2020,2019,15035,7456,7579,50.4,34,,,,,442.2,,,-1,0,7.7,"Lagos Bureau of Statistics, Spotlight on Lagos Statistics 2021 (Tables 4.1-4.3, 4.5), source data Lagos State Ministry of Education; lagosmepb.org/wp-content/uploads/Hotline_Stat.pdf"
238,Lagos,Public,SSS,Oshodi/Isolo,LGA,2019/2020,2019,15653,7237,8416,53.8,26,,,,,602,,,-9,0,13.8,"Lagos Bureau of Statistics, Spotlight on Lagos Statistics 2021 (Tables 4.1-4.3, 4.5), source data Lagos State Ministry of Education; lagosmepb.org/wp-content/uploads/Hotline_Stat.pdf"
239,Lagos,Public,SSS,Shomolu,LGA,2019/2020,2019,8691,3956,4735,54.5,34,,,,,255.6,,,-1,0,3.4,"Lagos Bureau of Statistics, Spotlight on Lagos Statistics 2021 (Tables 4.1-4.3, 4.5), source data Lagos State Ministry of Education; lagosmepb.org/wp-content/uploads/Hotline_Stat.pdf"
240,Lagos,Public,SSS,Surulere,LGA,2019/2020,2019,21076,8907,12169,57.7,30,,,,,702.5,,,-5,0,4.4,"Lagos Bureau of Statistics, Spotlight on Lagos Statistics 2021 (Tables 4.1-4.3, 4.5), source data Lagos State Ministry of Education; lagosmepb.org/wp-content/uploads/Hotline_Stat.pdf"
241,Lagos,Private,All levels,Agege,LGA,2024/2025,2024,27056,,,52.6,9.3,,13.3,66.5,1,2909.2,,2034.3,-25.7,0,,"DNEMIS Annual School Census 2024 (emis.education.gov.ng) - private schools, LGA total only (no level split)"
242,Lagos,Private,All levels,Ajeromi/Ifelodun,LGA,2024/2025,2024,25810,,,51.1,10.9,,19.3,69.8,3,2367.9,,1337.3,-24.1,0,,"DNEMIS Annual School Census 2024 (emis.education.gov.ng) - private schools, LGA total only (no level split)"
243,Lagos,Private,All levels,Alimosho,LGA,2024/2025,2024,228650,,,50.7,13.2,,22,71.9,106,17322,,10393.2,-21.8,0,,"DNEMIS Annual School Census 2024 (emis.education.gov.ng) - private schools, LGA total only (no level split)"
244,Lagos,Private,All levels,Amuwo Odofin,LGA,2024/2025,2024,88254,,,51,11.8,,17.2,64.8,64,7479.2,,5131,-23.2,0,,"DNEMIS Annual School Census 2024 (emis.education.gov.ng) - private schools, LGA total only (no level split)"
245,Lagos,Private,All levels,Apapa,LGA,2024/2025,2024,26516,,,51.3,28.1,,53.5,71.3,2,943.6,,495.6,-6.9,0,,"DNEMIS Annual School Census 2024 (emis.education.gov.ng) - private schools, LGA total only (no level split)"
246,Lagos,Private,All levels,Badagry,LGA,2024/2025,2024,74909,,,52.1,9.7,,16.4,66.7,63,7722.6,,4567.6,-25.3,0,,"DNEMIS Annual School Census 2024 (emis.education.gov.ng) - private schools, LGA total only (no level split)"
247,Lagos,Private,All levels,Epe,LGA,2024/2025,2024,37712,,,50,13.3,,23.7,70.6,35,2835.5,,1591.2,-21.7,0,,"DNEMIS Annual School Census 2024 (emis.education.gov.ng) - private schools, LGA total only (no level split)"
248,Lagos,Private,All levels,Eti-Osa,LGA,2024/2025,2024,23073,,,51,12.4,,15,65.5,17,1860.7,,1538.2,-22.6,0,,"DNEMIS Annual School Census 2024 (emis.education.gov.ng) - private schools, LGA total only (no level split)"
249,Lagos,Private,All levels,Ibeju/Lekki,LGA,2024/2025,2024,36136,,,50.1,8.9,,13.9,61.5,10,4060.2,,2599.7,-26.1,0,,"DNEMIS Annual School Census 2024 (emis.education.gov.ng) - private schools, LGA total only (no level split)"
250,Lagos,Private,All levels,Ifako/Ijaye,LGA,2024/2025,2024,110804,,,51.5,11.6,,19.6,65.7,66,9552.1,,5653.3,-23.4,0,,"DNEMIS Annual School Census 2024 (emis.education.gov.ng) - private schools, LGA total only (no level split)"
251,Lagos,Private,All levels,Ikeja,LGA,2024/2025,2024,22956,,,51,7.7,,10.9,69,17,2981.3,,2106.1,-27.3,0,,"DNEMIS Annual School Census 2024 (emis.education.gov.ng) - private schools, LGA total only (no level split)"
252,Lagos,Private,All levels,Ikorodu,LGA,2024/2025,2024,131181,,,50.6,9.5,,16,72.9,54,13808.5,,8198.8,-25.5,0,,"DNEMIS Annual School Census 2024 (emis.education.gov.ng) - private schools, LGA total only (no level split)"
253,Lagos,Private,All levels,Kosofe,LGA,2024/2025,2024,63312,,,51.2,9.6,,16.4,69.1,52,6595,,3860.5,-25.4,0,,"DNEMIS Annual School Census 2024 (emis.education.gov.ng) - private schools, LGA total only (no level split)"
254,Lagos,Private,All levels,Lagos Island,LGA,2024/2025,2024,6769,,,49.9,10.4,,13.6,68.8,3,650.9,,497.7,-24.6,0,,"DNEMIS Annual School Census 2024 (emis.education.gov.ng) - private schools, LGA total only (no level split)"
255,Lagos,Private,All levels,Lagos Mainland,LGA,2024/2025,2024,45647,,,51.3,15.7,,22.4,68.4,27,2907.5,,2037.8,-19.3,0,,"DNEMIS Annual School Census 2024 (emis.education.gov.ng) - private schools, LGA total only (no level split)"
256,Lagos,Private,All levels,Mushin,LGA,2024/2025,2024,29794,,,50.4,7.6,,15,68.1,17,3920.3,,1986.3,-27.4,0,,"DNEMIS Annual School Census 2024 (emis.education.gov.ng) - private schools, LGA total only (no level split)"
257,Lagos,Private,All levels,Ojo,LGA,2024/2025,2024,86381,,,52.5,17.9,,35.2,71.9,20,4825.8,,2454,-17.1,0,,"DNEMIS Annual School Census 2024 (emis.education.gov.ng) - private schools, LGA total only (no level split)"
258,Lagos,Private,All levels,Oshodi/Isolo,LGA,2024/2025,2024,30916,,,51.6,7.7,,13.5,74.4,17,4015.1,,2290.1,-27.3,0,,"DNEMIS Annual School Census 2024 (emis.education.gov.ng) - private schools, LGA total only (no level split)"
259,Lagos,Private,All levels,Shomolu,LGA,2024/2025,2024,25135,,,50,9.5,,18.5,69.8,91,2645.8,,1358.6,-25.5,0,,"DNEMIS Annual School Census 2024 (emis.education.gov.ng) - private schools, LGA total only (no level split)"
260,Lagos,Private,All levels,Surulere,LGA,2024/2025,2024,49907,,,49.7,9.2,,14.6,72.2,317,5424.7,,3418.3,-25.8,0,,"DNEMIS Annual School Census 2024 (emis.education.gov.ng) - private schools, LGA total only (no level split)"
261,Lagos,Public,Primary,Agege,LGA,2024/2025,2024,9529,,,48.4,28,16.3,21.5,82.4,12,340.3,584.6,443.2,-7,0,,DNEMIS Annual School Census 2024 (emis.education.gov.ng)
262,Lagos,Public,Primary,Ajeromi/Ifelodun,LGA,2024/2025,2024,13519,,,49.7,38.2,18.5,24.1,76.6,75,353.9,730.8,561,3.2,32,,DNEMIS Annual School Census 2024 (emis.education.gov.ng)
263,Lagos,Public,Primary,Alimosho,LGA,2024/2025,2024,30526,,,48.2,32.1,35.3,46.5,88.4,284,951,864.8,656.5,-2.9,0,,DNEMIS Annual School Census 2024 (emis.education.gov.ng)
264,Lagos,Public,Primary,Amuwo Odofin,LGA,2024/2025,2024,10313,,,50.1,34.6,19.7,28.5,70.8,98,298.1,523.5,361.9,-0.4,0,,DNEMIS Annual School Census 2024 (emis.education.gov.ng)
265,Lagos,Public,Primary,Apapa,LGA,2024/2025,2024,5559,,,48.9,27.9,25.1,19.2,68.8,63,199.2,221.5,289.5,-7.1,0,,DNEMIS Annual School Census 2024 (emis.education.gov.ng)
266,Lagos,Public,Primary,Badagry,LGA,2024/2025,2024,21566,,,47.3,32.5,38.1,41.7,71.6,9,663.6,566,517.2,-2.5,0,,DNEMIS Annual School Census 2024 (emis.education.gov.ng)
267,Lagos,Public,Primary,Epe,LGA,2024/2025,2024,15737,,,48.2,22.7,22.7,34.8,72.5,124,693.3,693.3,452.2,-12.3,0,,DNEMIS Annual School Census 2024 (emis.education.gov.ng)
268,Lagos,Public,Primary,Eti-Osa,LGA,2024/2025,2024,13636,,,50.4,41.8,33.3,35.1,73.9,23,326.2,409.5,388.5,6.8,63,,DNEMIS Annual School Census 2024 (emis.education.gov.ng)
269,Lagos,Public,Primary,Ibeju/Lekki,LGA,2024/2025,2024,13600,,,48.4,39.4,34.1,51.9,66.7,69,345.2,398.8,262,4.4,43,,DNEMIS Annual School Census 2024 (emis.education.gov.ng)
270,Lagos,Public,Primary,Ifako/Ijaye,LGA,2024/2025,2024,8478,,,49.2,19.8,23.1,25.8,88.1,172,428.2,367,328.6,-15.2,0,,DNEMIS Annual School Census 2024 (emis.education.gov.ng)
271,Lagos,Public,Primary,Ikeja,LGA,2024/2025,2024,10345,,,50,19.2,20.4,23,81.3,6,538.8,507.1,449.8,-15.8,0,,DNEMIS Annual School Census 2024 (emis.education.gov.ng)
272,Lagos,Public,Primary,Ikorodu,LGA,2024/2025,2024,31928,,,49.5,27,33.3,42.5,80.4,258,1182.5,958.8,751.2,-8,0,,DNEMIS Annual School Census 2024 (emis.education.gov.ng)
273,Lagos,Public,Primary,Kosofe,LGA,2024/2025,2024,12541,,,50.1,19.7,18.7,28.8,83.3,131,636.6,670.6,435.5,-15.3,0,,DNEMIS Annual School Census 2024 (emis.education.gov.ng)
274,Lagos,Public,Primary,Lagos Island,LGA,2024/2025,2024,11154,,,52.9,39.4,7.9,35.5,74.2,1016,283.1,1411.9,314.2,4.4,36,,DNEMIS Annual School Census 2024 (emis.education.gov.ng)
275,Lagos,Public,Primary,Lagos Mainland,LGA,2024/2025,2024,11299,,,49.4,26.4,17.7,17.6,75.9,154,428,638.4,642,-8.6,0,,DNEMIS Annual School Census 2024 (emis.education.gov.ng)
276,Lagos,Public,Primary,Mushin,LGA,2024/2025,2024,10554,,,50.2,32.1,12.2,15.8,74.8,8,328.8,865.1,668,-2.9,0,,DNEMIS Annual School Census 2024 (emis.education.gov.ng)
277,Lagos,Public,Primary,Ojo,LGA,2024/2025,2024,19731,,,48.6,43.4,32,57.4,72.5,156,454.6,616.6,343.7,8.4,109,,DNEMIS Annual School Census 2024 (emis.education.gov.ng)
278,Lagos,Public,Primary,Oshodi/Isolo,LGA,2024/2025,2024,13207,,,50.2,31.4,26.4,31.1,80.8,137,420.6,500.3,424.7,-3.6,0,,DNEMIS Annual School Census 2024 (emis.education.gov.ng)
279,Lagos,Public,Primary,Shomolu,LGA,2024/2025,2024,6470,,,50.3,17.6,15,8.7,79.3,26,367.6,431.3,743.7,-17.4,0,,DNEMIS Annual School Census 2024 (emis.education.gov.ng)
280,Lagos,Public,Primary,Surulere,LGA,2024/2025,2024,11210,,,50,24.7,15.2,18.1,81.5,554,453.8,737.5,619.3,-10.3,0,,DNEMIS Annual School Census 2024 (emis.education.gov.ng)
281,Lagos,Public,JSS,Agege,LGA,2024/2025,2024,13718,,,57.8,31.8,79.3,53.8,73.6,56,431.4,173,255,-3.2,0,,DNEMIS Annual School Census 2024 (emis.education.gov.ng)
282,Lagos,Public,JSS,Ajeromi/Ifelodun,LGA,2024/2025,2024,16342,,,52,116.7,94.6,56.4,60,12,140,172.7,289.8,81.7,327,,DNEMIS Annual School Census 2024 (emis.education.gov.ng)
283,Lagos,Public,JSS,Alimosho,LGA,2024/2025,2024,37465,,,49.6,32.6,85.3,82.2,79.5,17,1149.2,439.2,455.8,-2.4,0,,DNEMIS Annual School Census 2024 (emis.education.gov.ng)
284,Lagos,Public,JSS,Amuwo Odofin,LGA,2024/2025,2024,10397,,,53.3,102.9,47.3,42.1,75.2,9,101,219.8,247,67.9,196,,DNEMIS Annual School Census 2024 (emis.education.gov.ng)
285,Lagos,Public,JSS,Apapa,LGA,2024/2025,2024,5855,,,49.4,52.3,81.3,70.5,66.1,1,112,72,83,17.3,55,,DNEMIS Annual School Census 2024 (emis.education.gov.ng)
286,Lagos,Public,JSS,Badagry,LGA,2024/2025,2024,23664,,,49.3,117.7,96.3,86.1,63.7,19,201.1,245.7,274.8,82.7,475,,DNEMIS Annual School Census 2024 (emis.education.gov.ng)
287,Lagos,Public,JSS,Epe,LGA,2024/2025,2024,16301,,,50.8,27.8,73.1,45.3,63.5,8,586.4,223,359.8,-7.2,0,,DNEMIS Annual School Census 2024 (emis.education.gov.ng)
288,Lagos,Public,JSS,Eti-Osa,LGA,2024/2025,2024,11298,,,53.6,47.5,59.8,43.3,64.3,10,237.9,188.9,260.9,12.5,85,,DNEMIS Annual School Census 2024 (emis.education.gov.ng)
289,Lagos,Public,JSS,Ibeju/Lekki,LGA,2024/2025,2024,10449,,,51.2,60.4,88.6,79.2,64.2,14,173,117.9,131.9,25.4,126,,DNEMIS Annual School Census 2024 (emis.education.gov.ng)
290,Lagos,Public,JSS,Ifako/Ijaye,LGA,2024/2025,2024,13155,,,48.3,30.4,83.8,68.9,81.1,11,432.7,157,190.9,-4.6,0,,DNEMIS Annual School Census 2024 (emis.education.gov.ng)
291,Lagos,Public,JSS,Ikeja,LGA,2024/2025,2024,11525,,,49.1,28.4,66.6,51.7,83,47,405.8,173,222.9,-6.6,0,,DNEMIS Annual School Census 2024 (emis.education.gov.ng)
292,Lagos,Public,JSS,Ikorodu,LGA,2024/2025,2024,36860,,,50,33.7,82.4,64,76.1,77,1093.8,447.3,575.9,-1.3,0,,DNEMIS Annual School Census 2024 (emis.education.gov.ng)
293,Lagos,Public,JSS,Kosofe,LGA,2024/2025,2024,9199,,,51.2,24.4,53.2,34.8,82.5,1,377,172.9,264.3,-10.6,0,,DNEMIS Annual School Census 2024 (emis.education.gov.ng)
294,Lagos,Public,JSS,Lagos Island,LGA,2024/2025,2024,6359,,,51.1,46.4,55.8,43.9,60.6,5,137,114,144.9,11.4,45,,DNEMIS Annual School Census 2024 (emis.education.gov.ng)
295,Lagos,Public,JSS,Lagos Mainland,LGA,2024/2025,2024,8581,,,51,31,52.9,37.3,67.5,5,276.8,162.2,230.1,-4,0,,DNEMIS Annual School Census 2024 (emis.education.gov.ng)
296,Lagos,Public,JSS,Mushin,LGA,2024/2025,2024,9857,,,42.4,26.1,52.3,26.4,68.5,10,377.7,188.5,373.4,-8.9,0,,DNEMIS Annual School Census 2024 (emis.education.gov.ng)
297,Lagos,Public,JSS,Ojo,LGA,2024/2025,2024,21041,,,48.8,56,85.4,75.4,79.5,12,375.7,246.4,279.1,21,225,,DNEMIS Annual School Census 2024 (emis.education.gov.ng)
298,Lagos,Public,JSS,Oshodi/Isolo,LGA,2024/2025,2024,14996,,,52.2,26.4,53.4,37.3,78.7,6,568,280.8,402,-8.6,0,,DNEMIS Annual School Census 2024 (emis.education.gov.ng)
299,Lagos,Public,JSS,Shomolu,LGA,2024/2025,2024,9282,,,53.2,59.1,63.5,40,71.3,47,157.1,146.2,232.1,24.1,108,,DNEMIS Annual School Census 2024 (emis.education.gov.ng)
300,Lagos,Public,JSS,Surulere,LGA,2024/2025,2024,17509,,,55.9,28.6,56.2,42.6,67.2,29,612.2,311.5,411,-6.4,0,,DNEMIS Annual School Census 2024 (emis.education.gov.ng)
301,Lagos,Public,SSS,Agege,LGA,2024/2025,2024,10138,,,58.6,31,65,36.9,69.4,31,327,156,274.7,-4,0,,DNEMIS Annual School Census 2024 (emis.education.gov.ng)
302,Lagos,Public,SSS,Ajeromi/Ifelodun,LGA,2024/2025,2024,13855,,,52.3,52.5,85.2,69.6,45.1,10,263.9,162.6,199.1,17.5,132,,DNEMIS Annual School Census 2024 (emis.education.gov.ng)
303,Lagos,Public,SSS,Alimosho,LGA,2024/2025,2024,33410,,,51.1,31.6,90,63.6,69.5,8,1057.3,371.2,525.3,-3.4,0,,DNEMIS Annual School Census 2024 (emis.education.gov.ng)
304,Lagos,Public,SSS,Amuwo Odofin,LGA,2024/2025,2024,8140,,,55.3,31.8,59.7,32.4,59.4,2,256,136.3,251.2,-3.2,0,,DNEMIS Annual School Census 2024 (emis.education.gov.ng)
305,Lagos,Public,SSS,Apapa,LGA,2024/2025,2024,5140,,,51.6,38.6,65.1,53,47.4,6,133.2,79,97,3.6,14,,DNEMIS Annual School Census 2024 (emis.education.gov.ng)
306,Lagos,Public,SSS,Badagry,LGA,2024/2025,2024,20171,,,49.8,46.5,56.8,79.7,57.4,23,433.8,355.1,253.1,11.5,143,,DNEMIS Annual School Census 2024 (emis.education.gov.ng)
307,Lagos,Public,SSS,Epe,LGA,2024/2025,2024,12943,,,51.1,20.5,56.2,43.7,50.8,13,631.4,230.3,296.2,-14.5,0,,DNEMIS Annual School Census 2024 (emis.education.gov.ng)
308,Lagos,Public,SSS,Eti-Osa,LGA,2024/2025,2024,9447,,,53.9,31.8,53.7,31.1,48.5,7,297.1,175.9,303.8,-3.2,0,,DNEMIS Annual School Census 2024 (emis.education.gov.ng)
309,Lagos,Public,SSS,Ibeju/Lekki,LGA,2024/2025,2024,7464,,,52,40.6,72.6,50.8,55.4,5,183.8,102.8,146.9,5.6,29,,DNEMIS Annual School Census 2024 (emis.education.gov.ng)
310,Lagos,Public,SSS,Ifako/Ijaye,LGA,2024/2025,2024,12393,,,50.5,31.5,83.2,72.9,68.7,4,393.4,149,170,-3.5,0,,DNEMIS Annual School Census 2024 (emis.education.gov.ng)
311,Lagos,Public,SSS,Ikeja,LGA,2024/2025,2024,9150,,,50.8,21.6,60.6,41.2,72.1,61,423.6,151,222.1,-13.4,0,,DNEMIS Annual School Census 2024 (emis.education.gov.ng)
312,Lagos,Public,SSS,Ikorodu,LGA,2024/2025,2024,38800,,,42,33.9,95.2,79.3,66.6,46,1144.5,407.6,489.3,-1.1,0,,DNEMIS Annual School Census 2024 (emis.education.gov.ng)
313,Lagos,Public,SSS,Kosofe,LGA,2024/2025,2024,9036,,,53.5,20.4,53.5,43.7,73.1,3,442.9,168.9,206.8,-14.6,0,,DNEMIS Annual School Census 2024 (emis.education.gov.ng)
314,Lagos,Public,SSS,Lagos Island,LGA,2024/2025,2024,7046,,,52.4,38.5,59.3,45.2,44.3,0,183,118.8,155.9,3.5,18,,DNEMIS Annual School Census 2024 (emis.education.gov.ng)
315,Lagos,Public,SSS,Lagos Mainland,LGA,2024/2025,2024,6373,,,50.9,23.5,42.2,40.9,53.9,1,271.2,151,155.8,-11.5,0,,DNEMIS Annual School Census 2024 (emis.education.gov.ng)
316,Lagos,Public,SSS,Mushin,LGA,2024/2025,2024,8450,,,44.9,19,43.9,29.2,59.9,3,444.7,192.5,289.4,-16,0,,DNEMIS Annual School Census 2024 (emis.education.gov.ng)
317,Lagos,Public,SSS,Ojo,LGA,2024/2025,2024,16755,,,51.7,33.1,100.1,65.4,62.3,8,506.2,167.4,256.2,-1.9,0,,DNEMIS Annual School Census 2024 (emis.education.gov.ng)
318,Lagos,Public,SSS,Oshodi/Isolo,LGA,2024/2025,2024,14242,,,52.8,23.7,50.7,35.3,66.8,7,600.9,280.9,403.5,-11.3,0,,DNEMIS Annual School Census 2024 (emis.education.gov.ng)
319,Lagos,Public,SSS,Shomolu,LGA,2024/2025,2024,7958,,,51.6,29.5,63.2,51.3,59.6,4,269.8,125.9,155.1,-5.5,0,,DNEMIS Annual School Census 2024 (emis.education.gov.ng)
320,Lagos,Public,SSS,Surulere,LGA,2024/2025,2024,17502,,,57.1,26.5,51.5,46.3,54.8,96,660.5,339.8,378,-8.5,0,,DNEMIS Annual School Census 2024 (emis.education.gov.ng)
321,Lagos,Public,IQS,Agege,LGA,2024/2025,2024,485,,,60.6,,,6.9,,2,,,70.3,,,,DNEMIS Annual School Census 2024 (emis.education.gov.ng)
322,Lagos,Public,IQS,Ajeromi/Ifelodun,LGA,2024/2025,2024,0,,,,,,,,0,,,,,,,DNEMIS Annual School Census 2024 (emis.education.gov.ng)
323,Lagos,Public,IQS,Alimosho,LGA,2024/2025,2024,206,,,70.9,,,11.4,,0,,,18.1,,,,DNEMIS Annual School Census 2024 (emis.education.gov.ng)
324,Lagos,Public,IQS,Amuwo Odofin,LGA,2024/2025,2024,15,,,66.7,,,3,,0,,,5,,,,DNEMIS Annual School Census 2024 (emis.education.gov.ng)
325,Lagos,Public,IQS,Apapa,LGA,2024/2025,2024,0,,,,,,,,0,,,,,,,DNEMIS Annual School Census 2024 (emis.education.gov.ng)
326,Lagos,Public,IQS,Badagry,LGA,2024/2025,2024,92,,,82.6,,,1.2,,0,,,76.7,,,,DNEMIS Annual School Census 2024 (emis.education.gov.ng)
327,Lagos,Public,IQS,Epe,LGA,2024/2025,2024,636,,,69.3,,,7,,0,,,90.9,,,,DNEMIS Annual School Census 2024 (emis.education.gov.ng)
328,Lagos,Public,IQS,Eti-Osa,LGA,2024/2025,2024,108,,,58.3,,,15.4,,0,,,7,,,,DNEMIS Annual School Census 2024 (emis.education.gov.ng)
329,Lagos,Public,IQS,Ibeju/Lekki,LGA,2024/2025,2024,295,,,74.2,,,6.9,,0,,,42.8,,,,DNEMIS Annual School Census 2024 (emis.education.gov.ng)
330,Lagos,Public,IQS,Ifako/Ijaye,LGA,2024/2025,2024,0,,,,,,,,0,,,,,,,DNEMIS Annual School Census 2024 (emis.education.gov.ng)
331,Lagos,Public,IQS,Ikeja,LGA,2024/2025,2024,0,,,,,,,,0,,,,,,,DNEMIS Annual School Census 2024 (emis.education.gov.ng)
332,Lagos,Public,IQS,Ikorodu,LGA,2024/2025,2024,51,,,66.7,,,3,,1,,,17,,,,DNEMIS Annual School Census 2024 (emis.education.gov.ng)
333,Lagos,Public,IQS,Kosofe,LGA,2024/2025,2024,5,,,80,,,0.5,,0,,,10,,,,DNEMIS Annual School Census 2024 (emis.education.gov.ng)
334,Lagos,Public,IQS,Lagos Island,LGA,2024/2025,2024,196,,,63.8,,,9.8,,0,,,20,,,,DNEMIS Annual School Census 2024 (emis.education.gov.ng)
335,Lagos,Public,IQS,Lagos Mainland,LGA,2024/2025,2024,94,,,56.4,,,13.4,,2,,,7,,,,DNEMIS Annual School Census 2024 (emis.education.gov.ng)
336,Lagos,Public,IQS,Mushin,LGA,2024/2025,2024,15,,,66.7,,,1.9,,0,,,7.9,,,,DNEMIS Annual School Census 2024 (emis.education.gov.ng)
337,Lagos,Public,IQS,Ojo,LGA,2024/2025,2024,60,,,73.3,,,2.6,,0,,,23.1,,,,DNEMIS Annual School Census 2024 (emis.education.gov.ng)
338,Lagos,Public,IQS,Oshodi/Isolo,LGA,2024/2025,2024,916,,,55.3,,,9.4,,0,,,97.4,,,,DNEMIS Annual School Census 2024 (emis.education.gov.ng)
339,Lagos,Public,IQS,Shomolu,LGA,2024/2025,2024,0,,,,,,,,0,,,,,,,DNEMIS Annual School Census 2024 (emis.education.gov.ng)
340,Lagos,Public,IQS,Surulere,LGA,2024/2025,2024,33,,,81.8,,,0.6,,0,,,55,,,,DNEMIS Annual School Census 2024 (emis.education.gov.ng)
341,Lagos,Public,Tech/Voc,Agege,LGA,2024/2025,2024,0,,,,,,,,0,,,,,,,DNEMIS Annual School Census 2024 (emis.education.gov.ng)
342,Lagos,Public,Tech/Voc,Ajeromi/Ifelodun,LGA,2024/2025,2024,0,,,,,,,,0,,,,,,,DNEMIS Annual School Census 2024 (emis.education.gov.ng)
343,Lagos,Public,Tech/Voc,Alimosho,LGA,2024/2025,2024,2036,,,16.2,22.9,88.5,50.9,41.6,0,88.9,23,40,-12.1,0,,DNEMIS Annual School Census 2024 (emis.education.gov.ng)
344,Lagos,Public,Tech/Voc,Amuwo Odofin,LGA,2024/2025,2024,1558,,,18.9,,,32.5,,0,,,47.9,,,,DNEMIS Annual School Census 2024 (emis.education.gov.ng)
345,Lagos,Public,Tech/Voc,Apapa,LGA,2024/2025,2024,0,,,,,,,,0,,,,,,,DNEMIS Annual School Census 2024 (emis.education.gov.ng)
346,Lagos,Public,Tech/Voc,Badagry,LGA,2024/2025,2024,0,,,,,,,,0,,,,,,,DNEMIS Annual School Census 2024 (emis.education.gov.ng)
347,Lagos,Public,Tech/Voc,Epe,LGA,2024/2025,2024,1510,,,23.7,,,62.9,,0,,,24,,,,DNEMIS Annual School Census 2024 (emis.education.gov.ng)
348,Lagos,Public,Tech/Voc,Eti-Osa,LGA,2024/2025,2024,0,,,,,,,,0,,,,,,,DNEMIS Annual School Census 2024 (emis.education.gov.ng)
349,Lagos,Public,Tech/Voc,Ibeju/Lekki,LGA,2024/2025,2024,0,,,,,,,,0,,,,,,,DNEMIS Annual School Census 2024 (emis.education.gov.ng)
350,Lagos,Public,Tech/Voc,Ifako/Ijaye,LGA,2024/2025,2024,0,,,,,,,,0,,,,,,,DNEMIS Annual School Census 2024 (emis.education.gov.ng)
351,Lagos,Public,Tech/Voc,Ikeja,LGA,2024/2025,2024,1353,,,24.2,15.6,,46.7,54,0,86.7,,29,-19.4,0,,DNEMIS Annual School Census 2024 (emis.education.gov.ng)
352,Lagos,Public,Tech/Voc,Ikorodu,LGA,2024/2025,2024,2292,,,19.1,23.6,71.6,76.4,44.3,0,97.1,32,30,-11.4,0,,DNEMIS Annual School Census 2024 (emis.education.gov.ng)
353,Lagos,Public,Tech/Voc,Kosofe,LGA,2024/2025,2024,0,,,,,,,,0,,,,,,,DNEMIS Annual School Census 2024 (emis.education.gov.ng)
354,Lagos,Public,Tech/Voc,Lagos Island,LGA,2024/2025,2024,0,,,,,,,,0,,,,,,,DNEMIS Annual School Census 2024 (emis.education.gov.ng)
355,Lagos,Public,Tech/Voc,Lagos Mainland,LGA,2024/2025,2024,0,,,,,,,,0,,,,,,,DNEMIS Annual School Census 2024 (emis.education.gov.ng)
356,Lagos,Public,Tech/Voc,Mushin,LGA,2024/2025,2024,0,,,,,,,,0,,,,,,,DNEMIS Annual School Census 2024 (emis.education.gov.ng)
357,Lagos,Public,Tech/Voc,Ojo,LGA,2024/2025,2024,0,,,,,,,,0,,,,,,,DNEMIS Annual School Census 2024 (emis.education.gov.ng)
358,Lagos,Public,Tech/Voc,Oshodi/Isolo,LGA,2024/2025,2024,0,,,,,,,,0,,,,,,,DNEMIS Annual School Census 2024 (emis.education.gov.ng)
359,Lagos,Public,Tech/Voc,Shomolu,LGA,2024/2025,2024,0,,,,,,,,0,,,,,,,DNEMIS Annual School Census 2024 (emis.education.gov.ng)
360,Lagos,Public,Tech/Voc,Surulere,LGA,2024/2025,2024,0,,,,,,,,0,,,,,,,DNEMIS Annual School Census 2024 (emis.education.gov.ng)
