LGA,Level,Year_Start,Learners,Actual_LTR,Expected_LTR,Difference,Flag
Agege,Primary,2019,16078,43.0,46.917671582883486,-3.917671582883486,Better than or equal to expected
Ajeromi/Ifelodun,Primary,2019,23682,78.0,69.76746214070408,8.232537859295917,Worse than expected
Alimosho,Primary,2019,40707,52.0,50.250720000856745,1.7492799991432548,Worse than expected
Amuwo Odofin,Primary,2019,11617,61.0,49.30693920520207,11.69306079479793,Worse than expected
Apapa,Primary,2019,7116,43.0,58.64788782450705,-15.647887824507052,Better than or equal to expected
Badagry,Primary,2019,27470,57.0,63.5263802944628,-6.526380294462797,Better than or equal to expected
Epe,Primary,2019,20252,55.0,50.2786453803983,4.721354619601698,Worse than expected
Eti-Osa,Primary,2019,12829,62.0,54.458830736262826,7.541169263737174,Worse than expected
Ibeju/Lekki,Primary,2019,18479,88.0,67.61498614963784,20.385013850362157,Worse than expected
Ifako/Ijaye,Primary,2019,12428,33.0,38.04010275964902,-5.040102759649017,Better than or equal to expected
Ikeja,Primary,2019,9502,29.0,33.2494606285818,-4.249460628581801,Better than or equal to expected
Ikorodu,Primary,2019,56310,74.0,62.357894273020065,11.642105726979935,Worse than expected
Kosofe,Primary,2019,19753,39.0,42.830430181491465,-3.830430181491465,Better than or equal to expected
Lagos Island,Primary,2019,9275,41.0,44.37389791634814,-3.3738979163481417,Better than or equal to expected
Lagos Mainland,Primary,2019,14575,50.0,48.46852103384299,1.5314789661570103,Worse than expected
Mushin,Primary,2019,14784,43.0,42.193610404812716,0.8063895951872837,Worse than expected
Ojo,Primary,2019,27239,73.0,59.427604763226554,13.572395236773446,Worse than expected
Oshodi/Isolo,Primary,2019,18682,59.0,40.565659434669215,18.434340565330785,Worse than expected
Shomolu,Primary,2019,12009,36.0,47.24865722797949,-11.248657227979493,Better than or equal to expected
Surulere,Primary,2019,15219,44.0,43.63050402745466,0.3694959725453373,Worse than expected
Agege,JSS,2019,14830,38.0,46.07524776394348,-8.07524776394348,Better than or equal to expected
Ajeromi/Ifelodun,JSS,2019,18687,84.0,66.43103749363036,17.568962506369644,Worse than expected
Alimosho,JSS,2019,49256,47.0,55.92917318038599,-8.929173180385988,Better than or equal to expected
Amuwo Odofin,JSS,2019,11842,52.0,49.44494325384949,2.5550567461505125,Worse than expected
Apapa,JSS,2019,8982,65.0,59.87814043439539,5.121859565604609,Worse than expected
Badagry,JSS,2019,25439,73.0,62.162792171166075,10.837207828833925,Worse than expected
Epe,JSS,2019,15775,35.0,47.28700120542635,-12.28700120542635,Better than or equal to expected
Eti-Osa,JSS,2019,12555,56.0,54.26470070077812,1.7352992992218788,Worse than expected
Ibeju/Lekki,JSS,2019,9001,64.0,61.294679540314974,2.7053204596850264,Worse than expected
Ifako/Ijaye,JSS,2019,16679,41.0,40.85780985982274,0.14219014017726295,Worse than expected
Ikeja,JSS,2019,14595,31.0,36.62760239576892,-5.627602395768918,Better than or equal to expected
Ikorodu,JSS,2019,47769,54.0,56.66125427057341,-2.6612542705734086,Better than or equal to expected
Kosofe,JSS,2019,16813,41.0,40.86181223359563,0.13818776640437136,Worse than expected
Lagos Island,JSS,2019,7039,49.0,42.87386192281883,6.126138077181167,Worse than expected
Lagos Mainland,JSS,2019,11763,40.0,46.58509980491908,-6.585099804919082,Better than or equal to expected
Mushin,JSS,2019,11783,31.0,40.18439089552885,-9.18439089552885,Better than or equal to expected
Ojo,JSS,2019,25832,60.0,58.47935064493322,1.5206493550667801,Worse than expected
Oshodi/Isolo,JSS,2019,19403,31.0,41.03380076934627,-10.033800769346271,Better than or equal to expected
Shomolu,JSS,2019,13137,52.0,47.98769750502652,4.012302494973483,Worse than expected
Surulere,JSS,2019,23537,46.0,49.15520375320557,-3.1552037532055692,Better than or equal to expected
Agege,SSS,2019,8912,32.0,32.36553771501349,-0.3655377150134882,Better than or equal to expected
Ajeromi/Ifelodun,SSS,2019,14234,41.0,53.696430517347835,-12.696430517347835,Better than or equal to expected
Alimosho,SSS,2019,31465,36.0,34.31680184710058,1.683198152899422,Worse than expected
Amuwo Odofin,SSS,2019,6957,20.0,36.42279735102602,-16.42279735102602,Better than or equal to expected
Apapa,SSS,2019,6441,48.0,48.41615944781188,-0.41615944781187864,Better than or equal to expected
Badagry,SSS,2019,16257,40.0,46.28056578835822,-6.280565788358217,Better than or equal to expected
Epe,SSS,2019,11859,26.0,34.90982108922253,-8.909821089222532,Better than or equal to expected
Eti-Osa,SSS,2019,9292,33.0,42.3221569712241,-9.322156971224103,Better than or equal to expected
Ibeju/Lekki,SSS,2019,5168,41.0,48.97274417157314,-7.97274417157314,Better than or equal to expected
Ifako/Ijaye,SSS,2019,9246,32.0,26.139716769892402,5.860283230107598,Worse than expected
Ikeja,SSS,2019,8815,21.0,23.009745059483976,-2.0097450594839756,Better than or equal to expected
Ikorodu,SSS,2019,28497,30.0,34.06313027476972,-4.063130274769719,Better than or equal to expected
Kosofe,SSS,2019,10898,23.0,27.15409898276448,-4.154098982764481,Better than or equal to expected
Lagos Island,SSS,2019,6400,33.0,32.67785093226121,0.3221490677387919,Worse than expected
Lagos Mainland,SSS,2019,7405,36.0,33.913724768504835,2.086275231495165,Worse than expected
Mushin,SSS,2019,9595,23.0,28.957366485496095,-5.957366485496095,Better than or equal to expected
Ojo,SSS,2019,15035,34.0,41.52218128442655,-7.522181284426551,Better than or equal to expected
Oshodi/Isolo,SSS,2019,15653,26.0,28.767110148064603,-2.767110148064603,Better than or equal to expected
Shomolu,SSS,2019,8691,34.0,35.257749724312816,-1.2577497243128164,Better than or equal to expected
Surulere,SSS,2019,21076,30.0,37.74647071598156,-7.746470715981559,Better than or equal to expected
