LGA,Level,Year_Start,Learners,Male_Learners,Female_Learners,Female_Learners_PCT,Learner_Teacher_Ratio,Est_Teachers,LTR_Gap_vs_UBE35,Teachers_Needed_To_Meet_UBE35,Enrolment_Change_PCT_vs_Prev_Year
Agege,Primary,2017,17449,8569.0,8880.0,50.9,28.0,623.2,-7.0,0,-7.5
Ajeromi/Ifelodun,Primary,2017,24945,12297.0,12648.0,50.7,56.0,445.4,21.0,267,5.4
Alimosho,Primary,2017,44357,22550.0,21807.0,49.2,31.0,1430.9,-4.0,0,-0.7
Amuwo Odofin,Primary,2017,12767,5979.0,6788.0,53.2,46.0,277.5,11.0,87,3.5
Apapa,Primary,2017,8169,4157.0,4012.0,49.1,34.0,240.3,-1.0,0,-4.2
Badagry,Primary,2017,29920,15276.0,14644.0,48.9,49.0,610.6,14.0,244,7.9
Epe,Primary,2017,21404,10878.0,10526.0,49.2,42.0,509.6,7.0,102,2.7
Eti-Osa,Primary,2017,12691,6114.0,6577.0,51.8,46.0,275.9,11.0,87,-4.1
Ibeju/Lekki,Primary,2017,16880,8402.0,8478.0,50.2,47.0,359.1,12.0,123,-2.3
Ifako/Ijaye,Primary,2017,14690,7305.0,7385.0,50.3,23.0,638.7,-12.0,0,-5.8
Ikeja,Primary,2017,10764,5237.0,5527.0,51.3,21.0,512.6,-14.0,0,7.4
Ikorodu,Primary,2017,58402,29010.0,29392.0,50.3,46.0,1269.6,11.0,399,31.6
Kosofe,Primary,2017,20843,10072.0,10771.0,51.7,26.0,801.7,-9.0,0,-2.8
Lagos Island,Primary,2017,9675,4502.0,5173.0,53.5,31.0,312.1,-4.0,0,0.5
Lagos Mainland,Primary,2017,15944,7705.0,8239.0,51.7,33.0,483.2,-2.0,0,1.7
Mushin,Primary,2017,17863,8701.0,9162.0,51.3,34.0,525.4,-1.0,0,-2.7
Ojo,Primary,2017,28372,14448.0,13924.0,49.1,49.0,579.0,14.0,232,5.1
Oshodi/Isolo,Primary,2017,19447,9454.0,9993.0,51.4,33.0,589.3,-2.0,0,6.0
Shomolu,Primary,2017,12744,6190.0,6554.0,51.4,25.0,509.8,-10.0,0,-3.8
Surulere,Primary,2017,17295,8190.0,9105.0,52.6,35.0,494.1,0.0,0,29.2
Agege,JSS,2017,15196,7087.0,8109.0,53.4,34.0,446.9,-1.0,0,1.4
Ajeromi/Ifelodun,JSS,2017,18505,9201.0,9304.0,50.3,61.0,303.4,26.0,225,4.6
Alimosho,JSS,2017,48477,24300.0,24177.0,49.9,42.0,1154.2,7.0,231,8.4
Amuwo Odofin,JSS,2017,11139,5087.0,6052.0,54.3,36.0,309.4,1.0,9,6.3
Apapa,JSS,2017,8951,4610.0,4341.0,48.5,59.0,151.7,24.0,104,13.0
Badagry,JSS,2017,22999,11822.0,11177.0,48.6,55.0,418.2,20.0,239,7.0
Epe,JSS,2017,15352,7952.0,7400.0,48.2,34.0,451.5,-1.0,0,7.5
Eti-Osa,JSS,2017,12862,5953.0,6909.0,53.7,43.0,299.1,8.0,68,-0.1
Ibeju/Lekki,JSS,2017,8192,4003.0,4189.0,51.1,55.0,148.9,20.0,85,14.9
Ifako/Ijaye,JSS,2017,14534,7468.0,7066.0,48.6,31.0,468.8,-4.0,0,16.5
Ikeja,JSS,2017,13660,6723.0,6937.0,50.8,26.0,525.4,-9.0,0,6.4
Ikorodu,JSS,2017,43728,22005.0,21723.0,49.7,40.0,1093.2,5.0,156,13.2
Kosofe,JSS,2017,17869,8647.0,9222.0,51.6,32.0,558.4,-3.0,0,21.8
Lagos Island,JSS,2017,6765,3452.0,3313.0,49.0,33.0,205.0,-2.0,0,1.5
Lagos Mainland,JSS,2017,11656,5662.0,5994.0,51.4,36.0,323.8,1.0,9,7.4
Mushin,JSS,2017,13767,7609.0,6158.0,44.7,30.0,458.9,-5.0,0,0.2
Ojo,JSS,2017,24113,11962.0,12151.0,50.4,50.0,482.3,15.0,207,9.4
Oshodi/Isolo,JSS,2017,20138,9607.0,10531.0,52.3,26.0,774.5,-9.0,0,1.8
Shomolu,JSS,2017,13706,6164.0,7542.0,55.0,40.0,342.6,5.0,49,-5.6
Surulere,JSS,2017,24566,10926.0,13640.0,55.5,37.0,663.9,2.0,38,-2.3
Agege,SSS,2017,9728,4376.0,5352.0,55.0,32.0,304.0,-3.0,0,12.6
Ajeromi/Ifelodun,SSS,2017,14525,7117.0,7408.0,51.0,41.0,354.3,6.0,61,-5.9
Alimosho,SSS,2017,27592,13504.0,14088.0,51.1,29.0,951.4,-6.0,0,3.8
Amuwo Odofin,SSS,2017,6249,2954.0,3295.0,52.7,19.0,328.9,-16.0,0,-9.2
Apapa,SSS,2017,5752,2876.0,2876.0,50.0,38.0,151.4,3.0,13,0.7
Badagry,SSS,2017,14647,7449.0,7198.0,49.1,34.0,430.8,-1.0,0,4.0
Epe,SSS,2017,10970,5384.0,5586.0,50.9,24.0,457.1,-11.0,0,2.3
Eti-Osa,SSS,2017,10256,4629.0,5627.0,54.9,33.0,310.8,-2.0,0,9.4
Ibeju/Lekki,SSS,2017,4484,2238.0,2246.0,50.1,36.0,124.6,1.0,4,19.3
Ifako/Ijaye,SSS,2017,7348,3784.0,3564.0,48.5,21.0,349.9,-14.0,0,13.4
Ikeja,SSS,2017,9097,4511.0,4586.0,50.4,19.0,478.8,-16.0,0,3.0
Ikorodu,SSS,2017,21511,10330.0,11181.0,52.0,21.0,1024.3,-14.0,0,-1.5
Kosofe,SSS,2017,9872,4684.0,5188.0,52.6,20.0,493.6,-15.0,0,6.5
Lagos Island,SSS,2017,5682,2947.0,2735.0,48.1,27.0,210.4,-8.0,0,-3.2
Lagos Mainland,SSS,2017,6412,3143.0,3269.0,51.0,25.0,256.5,-10.0,0,0.5
Mushin,SSS,2017,10267,5593.0,4674.0,45.5,22.0,466.7,-13.0,0,-1.1
Ojo,SSS,2017,13318,6581.0,6737.0,50.6,27.0,493.3,-8.0,0,0.7
Oshodi/Isolo,SSS,2017,13275,6098.0,7177.0,54.1,19.0,698.7,-16.0,0,2.5
Shomolu,SSS,2017,7968,3471.0,4497.0,56.4,26.0,306.5,-9.0,0,18.5
Surulere,SSS,2017,19707,8530.0,11177.0,56.7,27.0,729.9,-8.0,0,-0.3
Agege,Primary,2018,16961,8258.0,8703.0,51.3,38.0,446.3,3.0,38,-2.8
Ajeromi/Ifelodun,Primary,2018,24866,12336.0,12530.0,50.4,70.0,355.2,35.0,355,-0.3
Alimosho,Primary,2018,41862,21235.0,20627.0,49.3,52.0,805.0,17.0,391,-5.6
Amuwo Odofin,Primary,2018,12317,5801.0,6516.0,52.9,61.0,201.9,26.0,150,-3.5
Apapa,Primary,2018,8329,4121.0,4208.0,50.5,40.0,208.2,5.0,30,2.0
Badagry,Primary,2018,27829,14276.0,13553.0,48.7,61.0,456.2,26.0,339,-7.0
Epe,Primary,2018,21764,11026.0,10738.0,49.3,56.0,388.6,21.0,233,1.7
Eti-Osa,Primary,2018,12459,5985.0,6474.0,52.0,58.0,214.8,23.0,141,-1.8
Ibeju/Lekki,Primary,2018,17887,8879.0,9008.0,50.4,79.0,226.4,44.0,285,6.0
Ifako/Ijaye,Primary,2018,13086,6585.0,6501.0,49.7,30.0,436.2,-5.0,0,-10.9
Ikeja,Primary,2018,10132,4981.0,5151.0,50.8,26.0,389.7,-9.0,0,-5.9
Ikorodu,Primary,2018,57793,28786.0,29007.0,50.2,67.0,862.6,32.0,789,-1.0
Kosofe,Primary,2018,20486,9958.0,10528.0,51.4,34.0,602.5,-1.0,0,-1.7
Lagos Island,Primary,2018,9187,4323.0,4864.0,52.9,36.0,255.2,1.0,7,-5.0
Lagos Mainland,Primary,2018,15228,7569.0,7659.0,50.3,45.0,338.4,10.0,97,-4.5
Mushin,Primary,2018,16990,8183.0,8807.0,51.8,44.0,386.1,9.0,99,-4.9
Ojo,Primary,2018,28634,14465.0,14169.0,49.5,69.0,415.0,34.0,403,0.9
Oshodi/Isolo,Primary,2018,18315,8821.0,9494.0,51.8,46.0,398.2,11.0,125,-5.8
Shomolu,Primary,2018,12601,6176.0,6425.0,51.0,30.0,420.0,-5.0,0,-1.1
Surulere,Primary,2018,16044,7692.0,8352.0,52.1,44.0,364.6,9.0,94,-7.2
Agege,JSS,2018,14568,6735.0,7833.0,53.8,39.0,373.5,4.0,43,-4.1
Ajeromi/Ifelodun,JSS,2018,17926,8528.0,9398.0,52.4,65.0,275.8,30.0,236,-3.1
Alimosho,JSS,2018,49266,24749.0,24517.0,49.8,44.0,1119.7,9.0,288,1.6
Amuwo Odofin,JSS,2018,11234,5080.0,6154.0,54.8,41.0,274.0,6.0,47,0.9
Apapa,JSS,2018,9670,4748.0,4922.0,50.9,72.0,134.3,37.0,142,8.0
Badagry,JSS,2018,24540,12475.0,12065.0,49.2,60.0,409.0,25.0,292,6.7
Epe,JSS,2018,15998,8006.0,7992.0,50.0,34.0,470.5,-1.0,0,4.2
Eti-Osa,JSS,2018,13208,6166.0,7042.0,53.3,44.0,300.2,9.0,77,2.7
Ibeju/Lekki,JSS,2018,8858,4242.0,4616.0,52.1,52.0,170.3,17.0,83,8.1
Ifako/Ijaye,JSS,2018,15462,7850.0,7612.0,49.2,28.0,552.2,-7.0,0,6.4
Ikeja,JSS,2018,14020,6855.0,7165.0,51.1,26.0,539.2,-9.0,0,2.6
Ikorodu,JSS,2018,45703,22821.0,22882.0,50.1,49.0,932.7,14.0,373,4.5
Kosofe,JSS,2018,17309,8337.0,8972.0,51.8,39.0,443.8,4.0,51,-3.1
Lagos Island,JSS,2018,6831,3529.0,3302.0,48.3,34.0,200.9,-1.0,0,1.0
Lagos Mainland,JSS,2018,11468,5516.0,5952.0,51.9,41.0,279.7,6.0,48,-1.6
Mushin,JSS,2018,13161,7253.0,5908.0,44.9,28.0,470.0,-7.0,0,-4.4
Ojo,JSS,2018,24914,12255.0,12659.0,50.8,47.0,530.1,12.0,182,3.3
Oshodi/Isolo,JSS,2018,19835,9496.0,10339.0,52.1,25.0,793.4,-10.0,0,-1.5
Shomolu,JSS,2018,13662,6080.0,7582.0,55.5,60.0,227.7,25.0,163,-0.3
Surulere,JSS,2018,24662,10716.0,13946.0,56.5,40.0,616.6,5.0,88,0.4
Agege,SSS,2018,9060,4044.0,5016.0,55.4,32.0,283.1,-3.0,0,-6.9
Ajeromi/Ifelodun,SSS,2018,14149,6796.0,7353.0,52.0,38.0,372.3,3.0,32,-2.6
Alimosho,SSS,2018,28199,13906.0,14293.0,50.7,31.0,909.6,-4.0,0,2.2
Amuwo Odofin,SSS,2018,6493,2915.0,3578.0,55.1,17.0,381.9,-18.0,0,3.9
Apapa,SSS,2018,5775,2883.0,2892.0,50.1,42.0,137.5,7.0,28,0.4
Badagry,SSS,2018,15375,7749.0,7626.0,49.6,33.0,465.9,-2.0,0,5.0
Epe,SSS,2018,11752,5839.0,5913.0,50.3,26.0,452.0,-9.0,0,7.1
Eti-Osa,SSS,2018,9133,4210.0,4923.0,53.9,29.0,314.9,-6.0,0,-10.9
Ibeju/Lekki,SSS,2018,4733,2332.0,2401.0,50.7,34.0,139.2,-1.0,0,5.6
Ifako/Ijaye,SSS,2018,8360,4169.0,4191.0,50.1,25.0,334.4,-10.0,0,13.8
Ikeja,SSS,2018,8383,4216.0,4167.0,49.7,18.0,465.7,-17.0,0,-7.8
Ikorodu,SSS,2018,24138,11564.0,12574.0,52.1,24.0,1005.8,-11.0,0,12.2
Kosofe,SSS,2018,10405,4909.0,5496.0,52.8,22.0,473.0,-13.0,0,5.4
Lagos Island,SSS,2018,5901,3113.0,2788.0,47.2,28.0,210.8,-7.0,0,3.9
Lagos Mainland,SSS,2018,6768,3289.0,3479.0,51.4,28.0,241.7,-7.0,0,5.6
Mushin,SSS,2018,9677,5087.0,4590.0,47.4,21.0,460.8,-14.0,0,-5.7
Ojo,SSS,2018,13961,7007.0,6954.0,49.8,25.0,558.4,-10.0,0,4.8
Oshodi/Isolo,SSS,2018,13754,6252.0,7502.0,54.5,20.0,687.7,-15.0,0,3.6
Shomolu,SSS,2018,8405,3744.0,4661.0,55.5,31.0,271.1,-4.0,0,5.5
Surulere,SSS,2018,20190,8635.0,11555.0,57.2,30.0,673.0,-5.0,0,2.5
Agege,Primary,2019,16078,8000.0,8078.0,50.2,43.0,373.9,8.0,85,-5.2
Ajeromi/Ifelodun,Primary,2019,23682,11535.0,12147.0,51.3,78.0,303.6,43.0,373,-4.8
Alimosho,Primary,2019,40707,20775.0,19932.0,49.0,52.0,782.8,17.0,380,-2.8
Amuwo Odofin,Primary,2019,11617,5491.0,6126.0,52.7,61.0,190.4,26.0,142,-5.7
Apapa,Primary,2019,7116,3514.0,3602.0,50.6,43.0,165.5,8.0,38,-14.6
Badagry,Primary,2019,27470,14074.0,13396.0,48.8,57.0,481.9,22.0,303,-1.3
Epe,Primary,2019,20252,10160.0,10092.0,49.8,55.0,368.2,20.0,210,-6.9
Eti-Osa,Primary,2019,12829,6197.0,6632.0,51.7,62.0,206.9,27.0,160,3.0
Ibeju/Lekki,Primary,2019,18479,9084.0,9395.0,50.8,88.0,210.0,53.0,318,3.3
Ifako/Ijaye,Primary,2019,12428,6321.0,6107.0,49.1,33.0,376.6,-2.0,0,-5.0
Ikeja,Primary,2019,9502,4703.0,4799.0,50.5,29.0,327.7,-6.0,0,-6.2
Ikorodu,Primary,2019,56310,27770.0,28540.0,50.7,74.0,760.9,39.0,848,-2.6
Kosofe,Primary,2019,19753,9667.0,10086.0,51.1,39.0,506.5,4.0,58,-3.6
Lagos Island,Primary,2019,9275,4435.0,4840.0,52.2,41.0,226.2,6.0,39,1.0
Lagos Mainland,Primary,2019,14575,7132.0,7443.0,51.1,50.0,291.5,15.0,125,-4.3
Mushin,Primary,2019,14784,7243.0,7541.0,51.0,43.0,343.8,8.0,79,-13.0
Ojo,Primary,2019,27239,13959.0,13280.0,48.8,73.0,373.1,38.0,405,-4.9
Oshodi/Isolo,Primary,2019,18682,9088.0,9594.0,51.4,59.0,316.6,24.0,217,2.0
Shomolu,Primary,2019,12009,5920.0,6089.0,50.7,36.0,333.6,1.0,10,-4.7
Surulere,Primary,2019,15219,7339.0,7880.0,51.8,44.0,345.9,9.0,89,-5.1
Agege,JSS,2019,14830,6827.0,8003.0,54.0,38.0,390.3,3.0,33,1.8
Ajeromi/Ifelodun,JSS,2019,18687,9328.0,9359.0,50.1,84.0,222.5,49.0,311,4.2
Alimosho,JSS,2019,49256,24760.0,24496.0,49.7,47.0,1048.0,12.0,359,0.0
Amuwo Odofin,JSS,2019,11842,5518.0,6324.0,53.4,52.0,227.7,17.0,111,5.4
Apapa,JSS,2019,8982,4567.0,4415.0,49.2,65.0,138.2,30.0,118,-7.1
Badagry,JSS,2019,25439,13084.0,12355.0,48.6,73.0,348.5,38.0,378,3.7
Epe,JSS,2019,15775,8140.0,7635.0,48.4,35.0,450.7,0.0,0,-1.4
Eti-Osa,JSS,2019,12555,5756.0,6799.0,54.2,56.0,224.2,21.0,135,-4.9
Ibeju/Lekki,JSS,2019,9001,4215.0,4786.0,53.2,64.0,140.6,29.0,117,1.6
Ifako/Ijaye,JSS,2019,16679,8607.0,8072.0,48.4,41.0,406.8,6.0,70,7.9
Ikeja,JSS,2019,14595,7227.0,7368.0,50.5,31.0,470.8,-4.0,0,4.1
Ikorodu,JSS,2019,47769,23997.0,23772.0,49.8,54.0,884.6,19.0,480,4.5
Kosofe,JSS,2019,16813,8172.0,8641.0,51.4,41.0,410.1,6.0,70,-2.9
Lagos Island,JSS,2019,7039,3522.0,3517.0,50.0,49.0,143.7,14.0,57,3.0
Lagos Mainland,JSS,2019,11763,6004.0,5759.0,49.0,40.0,294.1,5.0,42,2.6
Mushin,JSS,2019,11783,6390.0,5393.0,45.8,31.0,380.1,-4.0,0,-10.5
Ojo,JSS,2019,25832,12893.0,12939.0,50.1,60.0,430.5,25.0,308,3.7
Oshodi/Isolo,JSS,2019,19403,9160.0,10243.0,52.8,31.0,625.9,-4.0,0,-2.2
Shomolu,JSS,2019,13137,5865.0,7272.0,55.4,52.0,252.6,17.0,123,-3.8
Surulere,JSS,2019,23537,10298.0,13239.0,56.2,46.0,511.7,11.0,161,-4.6
Agege,SSS,2019,8912,3987.0,4925.0,55.3,32.0,278.5,-3.0,0,-1.6
Ajeromi/Ifelodun,SSS,2019,14234,6997.0,7237.0,50.8,41.0,347.2,6.0,59,0.6
Alimosho,SSS,2019,31465,15394.0,16071.0,51.1,36.0,874.0,1.0,25,11.6
Amuwo Odofin,SSS,2019,6957,3069.0,3888.0,55.9,20.0,347.8,-15.0,0,7.1
Apapa,SSS,2019,6441,3012.0,3429.0,53.2,48.0,134.2,13.0,50,11.5
Badagry,SSS,2019,16257,8290.0,7967.0,49.0,40.0,406.4,5.0,58,5.7
Epe,SSS,2019,11859,5673.0,6186.0,52.2,26.0,456.1,-9.0,0,0.9
Eti-Osa,SSS,2019,9292,4150.0,5142.0,55.3,33.0,281.6,-2.0,0,1.7
Ibeju/Lekki,SSS,2019,5168,2500.0,2668.0,51.6,41.0,126.0,6.0,22,9.2
Ifako/Ijaye,SSS,2019,9246,4649.0,4597.0,49.7,32.0,288.9,-3.0,0,10.6
Ikeja,SSS,2019,8815,4384.0,4431.0,50.3,21.0,419.8,-14.0,0,5.2
Ikorodu,SSS,2019,28497,14186.0,14311.0,50.2,30.0,949.9,-5.0,0,18.1
Kosofe,SSS,2019,10898,5177.0,5721.0,52.5,23.0,473.8,-12.0,0,4.7
Lagos Island,SSS,2019,6400,3279.0,3121.0,48.8,33.0,193.9,-2.0,0,8.5
Lagos Mainland,SSS,2019,7405,3985.0,3420.0,46.2,36.0,205.7,1.0,6,9.4
Mushin,SSS,2019,9595,4619.0,4976.0,51.9,23.0,417.2,-12.0,0,-0.8
Ojo,SSS,2019,15035,7456.0,7579.0,50.4,34.0,442.2,-1.0,0,7.7
Oshodi/Isolo,SSS,2019,15653,7237.0,8416.0,53.8,26.0,602.0,-9.0,0,13.8
Shomolu,SSS,2019,8691,3956.0,4735.0,54.5,34.0,255.6,-1.0,0,3.4
Surulere,SSS,2019,21076,8907.0,12169.0,57.7,30.0,702.5,-5.0,0,4.4
