LGA,Ownership,Level,Learners,Learner_Teacher_Ratio,Learner_Classroom_Ratio,Learner_Toilet_Ratio,Female_Teachers_PCT,Special_Needs_Learners,LTR_Gap_vs_UBE35
Agege,Public,Primary,9529,28.0,16.3,21.5,82.4,12,-7.0
Ajeromi/Ifelodun,Public,Primary,13519,38.2,18.5,24.1,76.6,75,3.2
Alimosho,Public,Primary,30526,32.1,35.3,46.5,88.4,284,-2.9
Amuwo Odofin,Public,Primary,10313,34.6,19.7,28.5,70.8,98,-0.4
Apapa,Public,Primary,5559,27.9,25.1,19.2,68.8,63,-7.1
Badagry,Public,Primary,21566,32.5,38.1,41.7,71.6,9,-2.5
Epe,Public,Primary,15737,22.7,22.7,34.8,72.5,124,-12.3
Eti-Osa,Public,Primary,13636,41.8,33.3,35.1,73.9,23,6.8
Ibeju/Lekki,Public,Primary,13600,39.4,34.1,51.9,66.7,69,4.4
Ifako/Ijaye,Public,Primary,8478,19.8,23.1,25.8,88.1,172,-15.2
Ikeja,Public,Primary,10345,19.2,20.4,23.0,81.3,6,-15.8
Ikorodu,Public,Primary,31928,27.0,33.3,42.5,80.4,258,-8.0
Kosofe,Public,Primary,12541,19.7,18.7,28.8,83.3,131,-15.3
Lagos Island,Public,Primary,11154,39.4,7.9,35.5,74.2,1016,4.4
Lagos Mainland,Public,Primary,11299,26.4,17.7,17.6,75.9,154,-8.6
Mushin,Public,Primary,10554,32.1,12.2,15.8,74.8,8,-2.9
Ojo,Public,Primary,19731,43.4,32.0,57.4,72.5,156,8.4
Oshodi/Isolo,Public,Primary,13207,31.4,26.4,31.1,80.8,137,-3.6
Shomolu,Public,Primary,6470,17.6,15.0,8.7,79.3,26,-17.4
Surulere,Public,Primary,11210,24.7,15.2,18.1,81.5,554,-10.3
Agege,Public,JSS,13718,31.8,79.3,53.8,73.6,56,-3.2
Ajeromi/Ifelodun,Public,JSS,16342,116.7,94.6,56.4,60.0,12,81.7
Alimosho,Public,JSS,37465,32.6,85.3,82.2,79.5,17,-2.4
Amuwo Odofin,Public,JSS,10397,102.9,47.3,42.1,75.2,9,67.9
Apapa,Public,JSS,5855,52.3,81.3,70.5,66.1,1,17.3
Badagry,Public,JSS,23664,117.7,96.3,86.1,63.7,19,82.7
Epe,Public,JSS,16301,27.8,73.1,45.3,63.5,8,-7.2
Eti-Osa,Public,JSS,11298,47.5,59.8,43.3,64.3,10,12.5
Ibeju/Lekki,Public,JSS,10449,60.4,88.6,79.2,64.2,14,25.4
Ifako/Ijaye,Public,JSS,13155,30.4,83.8,68.9,81.1,11,-4.6
Ikeja,Public,JSS,11525,28.4,66.6,51.7,83.0,47,-6.6
Ikorodu,Public,JSS,36860,33.7,82.4,64.0,76.1,77,-1.3
Kosofe,Public,JSS,9199,24.4,53.2,34.8,82.5,1,-10.6
Lagos Island,Public,JSS,6359,46.4,55.8,43.9,60.6,5,11.4
Lagos Mainland,Public,JSS,8581,31.0,52.9,37.3,67.5,5,-4.0
Mushin,Public,JSS,9857,26.1,52.3,26.4,68.5,10,-8.9
Ojo,Public,JSS,21041,56.0,85.4,75.4,79.5,12,21.0
Oshodi/Isolo,Public,JSS,14996,26.4,53.4,37.3,78.7,6,-8.6
Shomolu,Public,JSS,9282,59.1,63.5,40.0,71.3,47,24.1
Surulere,Public,JSS,17509,28.6,56.2,42.6,67.2,29,-6.4
Agege,Public,SSS,10138,31.0,65.0,36.9,69.4,31,-4.0
Ajeromi/Ifelodun,Public,SSS,13855,52.5,85.2,69.6,45.1,10,17.5
Alimosho,Public,SSS,33410,31.6,90.0,63.6,69.5,8,-3.4
Amuwo Odofin,Public,SSS,8140,31.8,59.7,32.4,59.4,2,-3.2
Apapa,Public,SSS,5140,38.6,65.1,53.0,47.4,6,3.6
Badagry,Public,SSS,20171,46.5,56.8,79.7,57.4,23,11.5
Epe,Public,SSS,12943,20.5,56.2,43.7,50.8,13,-14.5
Eti-Osa,Public,SSS,9447,31.8,53.7,31.1,48.5,7,-3.2
Ibeju/Lekki,Public,SSS,7464,40.6,72.6,50.8,55.4,5,5.6
Ifako/Ijaye,Public,SSS,12393,31.5,83.2,72.9,68.7,4,-3.5
Ikeja,Public,SSS,9150,21.6,60.6,41.2,72.1,61,-13.4
Ikorodu,Public,SSS,38800,33.9,95.2,79.3,66.6,46,-1.1
Kosofe,Public,SSS,9036,20.4,53.5,43.7,73.1,3,-14.6
Lagos Island,Public,SSS,7046,38.5,59.3,45.2,44.3,0,3.5
Lagos Mainland,Public,SSS,6373,23.5,42.2,40.9,53.9,1,-11.5
Mushin,Public,SSS,8450,19.0,43.9,29.2,59.9,3,-16.0
Ojo,Public,SSS,16755,33.1,100.1,65.4,62.3,8,-1.9
Oshodi/Isolo,Public,SSS,14242,23.7,50.7,35.3,66.8,7,-11.3
Shomolu,Public,SSS,7958,29.5,63.2,51.3,59.6,4,-5.5
Surulere,Public,SSS,17502,26.5,51.5,46.3,54.8,96,-8.5
